h;V;C;L*;a*;b*;R;G;B
10RP;1;2;10.63;12.59;-2.07;0.1725;0.0855;0.1249
10RP;1;4;10.63;20.94;-3.96;0.2066;0.0578;0.1353
10RP;1;6;10.63;28.79;-5.88;0.2367;0.01;0.1465
2.5R;1;2;10.63;12.59;-0.44;0.1755;0.0851;0.1161
2.5R;1;4;10.63;20.94;-1.17;0.2114;0.0561;0.1209
2.5R;1;6;10.63;29.41;-2.17;0.2446;-0.0016;0.1273
5R;1;2;10.63;12.33;1.3;0.1778;0.0849;0.1069
5R;1;4;10.63;20.94;1.76;0.2153;0.0551;0.1057
7.5R;1;2;10.63;12.07;2.95;0.1789;0.0853;0.0988
7.5R;1;4;10.63;20.71;4.74;0.2179;0.0549;0.0904
10R;1;2;10.63;11.54;4.61;0.1789;0.0863;0.09
10R;1;4;10.63;20.71;7.9;0.2207;0.0546;0.0725
2.5YR;1;2;10.63;10.46;6.85;0.177;0.0889;0.0769
2.5YR;1;4;10.63;19.78;12.13;0.2215;0.0572;0.041
2.5YR;1;6;10.63;27.12;15.03;0.253;0.0104;0.0093
5YR;1;2;10.63;8.81;9.22;0.1728;0.0926;0.0615
7.5YR;1;2;10.63;7.12;10.68;0.1676;0.0962;0.0495
10YR;1;2;10.63;5.08;12;0.1607;0.1004;0.0375
2.5Y;1;2;10.63;2.36;12.79;0.1498;0.1057;0.0292
5Y;1;2;10.63;0.47;12.66;0.1405;0.1095;0.0292
7.5Y;1;2;10.63;-1.49;12.13;0.1301;0.113;0.035
10Y;1;2;10.63;-3.17;10.81;0.1193;0.1159;0.0468
2.5GY;1;2;10.63;-4.55;9.09;0.1072;0.1187;0.0602
5GY;1;2;10.63;-5.61;7.64;0.0984;0.1204;0.0696
7.5GY;1;2;10.63;-6.69;5.79;0.0877;0.1221;0.0806
7.5GY;1;4;10.63;-18;13.97;0.0217;0.1353;0.0075
10GY;1;2;10.63;-7.06;4.34;0.0794;0.1232;0.0891
2.5G;1;2;10.63;-7.43;3.2;0.0736;0.1238;0.0948
5G;1;2;10.63;-7.8;2.35;0.0686;0.1244;0.0995
7.5G;1;2;10.63;-7.8;1.3;0.0637;0.1247;0.1045
10G;1;2;10.63;-7.8;0.41;0.059;0.1251;0.1093
2.5BG;1;2;10.63;-7.8;-0.86;0.0531;0.1253;0.1164
5BG;1;2;10.63;-7.8;-2.55;0.0463;0.1253;0.1252
7.5BG;1;2;10.63;-7.43;-3.87;0.0416;0.1251;0.1322
10BG;1;2;10.63;-6.69;-5.46;0.0384;0.1245;0.1405
2.5B;1;2;10.63;-5.97;-6.55;0.0377;0.1238;0.1465
5B;1;2;10.63;-4.9;-7.67;0.0391;0.1228;0.1527
7.5B;1;2;10.63;-3.86;-8.75;0.0468;0.121;0.1582
10B;1;2;10.63;-2.15;-9.64;0.0569;0.1188;0.163
2.5PB;1;2;10.63;-0.18;-10.22;0.0707;0.1158;0.1664
5PB;1;2;10.63;1.73;-10.58;0.0844;0.1126;0.1684
5PB;1;4;10.63;3.58;-18.65;0.0437;0.112;0.2117
7.5PB;1;2;10.63;4.49;-10.79;0.104;0.1072;0.1699
7.5PB;1;4;10.63;8.81;-18.54;0.0952;0.1013;0.2116
7.5PB;1;6;10.63;14.66;-26.49;0.0881;0.0915;0.2552
7.5PB;1;8;10.63;21.63;-33.57;0.09;0.0762;0.2951
7.5PB;1;10;10.63;28.38;-39.61;0.098;0.0549;0.3295
7.5PB;1;12;10.63;35.3;-45.28;0.1097;0.019;0.3624
10PB;1;2;10.63;7.12;-10.72;0.1208;0.1018;0.1694
10PB;1;4;10.63;12.85;-17.6;0.1275;0.0913;0.2068
10PB;1;6;10.63;19.07;-24.45;0.1358;0.0765;0.2443
10PB;1;8;10.63;25.41;-30.14;0.146;0.0574;0.276
10PB;1;10;10.63;32.22;-35.83;0.1594;0.0239;0.3083
2.5P;1;2;10.63;8.81;-10.01;0.1331;0.0978;0.1659
2.5P;1;4;10.63;15.16;-16.11;0.1481;0.0838;0.199
2.5P;1;6;10.63;21.63;-21.7;0.1638;0.0652;0.2294
2.5P;1;8;10.63;28.79;-27.17;0.181;0.0355;0.2599
5P;1;2;10.63;9.92;-9.13;0.1429;0.0946;0.1613
5P;1;4;10.63;16.9;-14.66;0.1627;0.0777;0.1912
5P;1;6;10.63;23.66;-19.61;0.1814;0.0556;0.2182
5P;1;8;10.63;30.63;-24.63;0.2011;0.0168;0.246
7.5P;1;2;10.63;10.73;-8.37;0.1491;0.0924;0.1575
7.5P;1;4;10.63;17.87;-13.47;0.1716;0.0737;0.1849
7.5P;1;6;10.63;24.76;-17.99;0.1923;0.0487;0.2098
10P;1;2;10.63;11.54;-7.51;0.1548;0.0904;0.1529
10P;1;4;10.63;18.83;-12.09;0.1792;0.0704;0.1778
10P;1;6;10.63;25.84;-16.46;0.2019;0.0418;0.2016
2.5RP;1;2;10.63;11.8;-6.46;0.1599;0.0888;0.1474
2.5RP;1;4;10.63;19.54;-10.65;0.187;0.0665;0.1701
2.5RP;1;6;10.63;26.7;-14.48;0.211;0.0346;0.1912
5RP;1;2;10.63;12.33;-4.94;0.1651;0.0873;0.1397
5RP;1;4;10.63;20.25;-8.45;0.1952;0.0626;0.1587
5RP;1;6;10.63;27.54;-11.76;0.2212;0.0258;0.1769
7.5RP;1;2;10.63;12.59;-3.68;0.1691;0.0862;0.1329
7.5RP;1;4;10.63;20.71;-6.3;0.2015;0.0598;0.1476
7.5RP;1;6;10.63;28.38;-8.98;0.2299;0.0169;0.1622
10RP;2;2;20.56;10.63;-0.09;0.255;0.1707;0.1957
10RP;2;4;20.56;19.2;-0.54;0.2973;0.1466;0.1994
10RP;2;6;20.56;27.39;-1.15;0.3351;0.116;0.2038
10RP;2;8;20.56;36.39;-2.07;0.3745;0.0635;0.2105
2.5R;2;2;20.56;10.48;1.36;0.2573;0.1706;0.1873
2.5R;2;4;20.56;19.2;2.2;0.3022;0.1456;0.1839
2.5R;2;6;20.56;27.52;2.76;0.3415;0.1138;0.182
2.5R;2;8;20.56;36.85;3.13;0.3831;0.0565;0.1817
5R;2;2;20.56;10.33;2.88;0.259;0.1708;0.1789
5R;2;4;20.56;18.93;5.09;0.3053;0.1457;0.1677
5R;2;6;20.56;27.27;7.11;0.3455;0.1138;0.1579
5R;2;8;20.56;36.62;9.21;0.3887;0.0543;0.1479
7.5R;2;2;20.56;10.03;4.16;0.2595;0.1714;0.1717
7.5R;2;4;20.56;18.52;7.99;0.3069;0.1466;0.1513
7.5R;2;6;20.56;26.39;11.66;0.3467;0.1161;0.1323
7.5R;2;8;20.56;35.14;15.44;0.3876;0.0642;0.1131
10R;2;2;20.56;9.27;5.7;0.2586;0.1728;0.1628
10R;2;4;20.56;17.56;11.23;0.3064;0.1489;0.1329
10R;2;6;20.56;25.13;16.56;0.3457;0.1202;0.1037
10R;2;8;20.56;33.64;22.38;0.3857;0.0734;0.072
2.5YR;2;2;20.56;8.34;7.04;0.2562;0.1747;0.1547
2.5YR;2;4;20.56;16.02;14.46;0.3029;0.1529;0.1136
2.5YR;2;6;20.56;22.94;22.38;0.3402;0.1281;0.0684
5YR;2;2;20.56;6.94;8.59;0.2516;0.1776;0.1457
5YR;2;4;20.56;13.29;18.19;0.2941;0.16;0.0908
5YR;2;6;20.56;19.07;28.58;0.3278;0.1409;0.0038
7.5YR;2;2;20.56;5.36;10;0.2455;0.181;0.1372
7.5YR;2;4;20.56;10.18;21.46;0.2824;0.1678;0.0695
10YR;2;2;20.56;3.57;11.07;0.2383;0.1844;0.1309
10YR;2;4;20.56;7.26;23.96;0.2707;0.1746;0.0499
2.5Y;2;2;20.56;1.58;11.92;0.2288;0.1885;0.1258
2.5Y;2;4;20.56;3.74;26.21;0.2563;0.182;0.0267
5Y;2;2;20.56;-0.11;12;0.2199;0.1918;0.1247
5Y;2;4;20.56;0.74;27.53;0.2422;0.1883;0.0075
7.5Y;2;2;20.56;-1.67;11.57;0.2101;0.1949;0.1271
7.5Y;2;4;20.56;-2.73;27.79;0.2257;0.1947;-0.0014
10Y;2;2;20.56;-3.08;10.73;0.2008;0.1975;0.1317
10Y;2;4;20.56;-5.99;26.6;0.2073;0.2006;0.016
2.5GY;2;2;20.56;-4.52;9.37;0.1897;0.2002;0.1396
2.5GY;2;4;20.56;-9.4;23.57;0.1843;0.2065;0.0472
5GY;2;2;20.56;-5.44;7.99;0.1812;0.202;0.1475
5GY;2;4;20.56;-12.16;19.82;0.1612;0.2112;0.0738
7.5GY;2;2;20.56;-6.36;6.04;0.17;0.204;0.1584
7.5GY;2;4;20.56;-14.82;15.24;0.1332;0.2155;0.1028
7.5GY;2;6;20.56;-23.48;25.02;0.0827;0.2254;0.0283
10GY;2;2;20.56;-6.92;4.69;0.1622;0.2052;0.1661
10GY;2;4;20.56;-16.51;11.23;0.1081;0.2183;0.1266
10GY;2;6;20.56;-25.88;17.75;0.0134;0.2289;0.0848
2.5G;2;2;20.56;-7.49;3.39;0.1546;0.2062;0.1738
2.5G;2;4;20.56;-17.37;7.47;0.0831;0.22;0.149
5G;2;2;20.56;-7.67;2.39;0.1498;0.2067;0.1794
5G;2;4;20.56;-17.59;5.15;0.066;0.2208;0.1623
7.5G;2;2;20.56;-7.67;1.54;0.1459;0.2071;0.1842
7.5G;2;4;20.56;-17.81;3.13;0.0495;0.2213;0.174
10G;2;2;20.56;-7.67;0.6;0.1424;0.2073;0.1897
10G;2;4;20.56;-17.81;1.07;0.0282;0.2216;0.1861
2.5BG;2;2;20.56;-7.67;-0.54;0.1384;0.2074;0.1961
2.5BG;2;4;20.56;-17.16;-1.48;-0.0009;0.2215;0.2006
5BG;2;2;20.56;-7.3;-2.02;0.1339;0.2074;0.2047
7.5BG;2;2;20.56;-7.11;-3.22;0.1316;0.2071;0.2115
10BG;2;2;20.56;-6.36;-4.53;0.1302;0.2065;0.2191
2.5B;2;2;20.56;-5.81;-5.61;0.1306;0.2057;0.2251
5B;2;2;20.56;-5.07;-6.55;0.1324;0.2046;0.2307
7.5B;2;2;20.56;-3.98;-7.61;0.1362;0.2031;0.2369
7.5B;2;4;20.56;-6.73;-15.74;0.0173;0.2104;0.2834
10B;2;2;20.56;-2.38;-8.55;0.1452;0.2005;0.2424
10B;2;4;20.56;-3.98;-16.96;0.0605;0.2062;0.2906
2.5PB;2;2;20.56;-0.63;-9.07;0.156;0.1977;0.2455
2.5PB;2;4;20.56;-0.63;-17.73;0.0995;0.2007;0.2953
5PB;2;2;20.56;1.25;-9.55;0.1686;0.1941;0.2485
5PB;2;4;20.56;2.75;-18.21;0.132;0.1945;0.2983
5PB;2;6;20.56;4.71;-27.04;0.0665;0.1944;0.35
7.5PB;2;2;20.56;3.57;-9.8;0.1844;0.1896;0.25
7.5PB;2;4;20.56;7.41;-18.21;0.173;0.1846;0.2986
7.5PB;2;6;20.56;11.97;-26.28;0.1609;0.1779;0.346
7.5PB;2;8;20.56;17.28;-34.27;0.1475;0.169;0.3935
7.5PB;2;10;20.56;23.84;-41.91;0.1415;0.1556;0.4395
7.5PB;2;12;20.56;30.09;-48.14;0.1436;0.1396;0.4777
7.5PB;2;14;20.56;36.96;-54.32;0.1501;0.1177;0.516
7.5PB;2;16;20.56;44.21;-60.32;0.1617;0.086;0.5536
7.5PB;2;18;20.56;51.57;-66.2;0.1741;0.0325;0.5907
10PB;2;2;20.56;5.68;-9.55;0.1996;0.1851;0.2487
10PB;2;4;20.56;11.08;-17.03;0.2049;0.1757;0.2922
10PB;2;6;20.56;16.72;-23.99;0.2109;0.1646;0.3328
10PB;2;8;20.56;23.07;-31.37;0.2177;0.1497;0.3765
10PB;2;10;20.56;29.97;-37.99;0.2289;0.1299;0.4164
10PB;2;12;20.56;36.28;-43.59;0.241;0.1064;0.4504
10PB;2;14;20.56;43.37;-49.42;0.2551;0.0702;0.4863
2.5P;2;2;20.56;7.1;-8.85;0.2108;0.1818;0.2449
2.5P;2;4;20.56;13.15;-15.45;0.2254;0.1696;0.2831
2.5P;2;6;20.56;19.2;-21.21;0.2403;0.1557;0.3169
2.5P;2;8;20.56;26.77;-27.87;0.2597;0.134;0.3563
2.5P;2;10;20.56;33.88;-33.72;0.2775;0.108;0.3912
2.5P;2;12;20.56;41.14;-39.35;0.2965;0.0696;0.4253
5P;2;2;20.56;8.19;-7.92;0.2207;0.179;0.2398
5P;2;4;20.56;14.88;-13.76;0.2416;0.1645;0.2736
5P;2;6;20.56;21.09;-18.82;0.2607;0.1484;0.3034
5P;2;8;20.56;29.24;-25.05;0.2854;0.1219;0.3399
5P;2;10;20.56;36.51;-30.29;0.3071;0.0897;0.3712
5P;2;12;20.56;44;-35.57;0.3292;0.0334;0.403
7.5P;2;2;20.56;9.11;-6.97;0.2287;0.1767;0.2343
7.5P;2;4;20.56;16.16;-12.03;0.254;0.1604;0.2639
7.5P;2;6;20.56;22.67;-16.67;0.2769;0.1418;0.2911
7.5P;2;8;20.56;31.17;-22.28;0.305;0.1113;0.3241
7.5P;2;10;20.56;38.85;-27.26;0.3302;0.07;0.3537
10P;2;2;20.56;9.72;-5.84;0.2359;0.1747;0.2281
10P;2;4;20.56;17;-10.14;0.2645;0.157;0.2533
10P;2;6;20.56;24.1;-14.33;0.2912;0.1355;0.2779
10P;2;8;20.56;32.71;-19.39;0.3222;0.1007;0.3076
10P;2;10;20.56;40.49;-23.72;0.3494;0.0505;0.3333
2.5RP;2;2;20.56;10.48;-4.29;0.2442;0.1724;0.2194
2.5RP;2;4;20.56;17.97;-7.43;0.2763;0.1532;0.238
2.5RP;2;6;20.56;25.38;-10.69;0.307;0.1288;0.2572
2.5RP;2;8;20.56;34.45;-14.71;0.3423;0.0873;0.2811
2.5RP;2;10;20.56;42.53;-18.38;0.373;0.0126;0.3028
5RP;2;2;20.56;10.78;-2.7;0.2495;0.1713;0.2103
5RP;2;4;20.56;18.52;-4.93;0.2854;0.1503;0.2238
5RP;2;6;20.56;26.27;-7.34;0.3186;0.1237;0.2383
5RP;2;8;20.56;35.49;-10.44;0.3561;0.0773;0.2569
7.5RP;2;2;20.56;10.78;-1.37;0.2526;0.1708;0.203
7.5RP;2;4;20.56;18.93;-2.81;0.2918;0.1482;0.2121
7.5RP;2;6;20.56;26.89;-4.33;0.3272;0.1197;0.2216
7.5RP;2;8;20.56;35.94;-6.36;0.3659;0.0703;0.2341
10RP;3;2;30.76;11.03;1.6;0.3555;0.2588;0.2752
10RP;3;4;30.76;20.57;2.85;0.4096;0.232;0.269
10RP;3;6;30.76;29.36;3.83;0.4561;0.2008;0.2646
10RP;3;8;30.76;38.85;4.64;0.5028;0.1565;0.2616
10RP;3;10;30.76;47.79;5.16;0.5452;0.091;0.2601
2.5R;3;2;30.76;10.94;3.11;0.3581;0.2587;0.266
2.5R;3;4;30.76;20.4;5.76;0.4139;0.2316;0.2515
2.5R;3;6;30.76;28.96;8.13;0.4604;0.201;0.2391
2.5R;3;8;30.76;38.41;10.53;0.5082;0.1564;0.2266
2.5R;3;10;30.76;47.45;12.52;0.5519;0.0889;0.217
5R;3;2;30.76;10.66;4.53;0.3594;0.2591;0.2576
5R;3;4;30.76;19.97;8.78;0.4167;0.2321;0.2334
5R;3;6;30.76;28.16;12.66;0.4623;0.2029;0.2118
5R;3;8;30.76;37.15;16.77;0.5089;0.1612;0.189
5R;3;10;30.76;46.21;20.54;0.5531;0.0972;0.1692
7.5R;3;2;30.76;10.28;5.8;0.3598;0.2598;0.2498
7.5R;3;4;30.76;19.1;11.46;0.416;0.2342;0.2171
7.5R;3;6;30.76;27.1;16.72;0.4617;0.206;0.1869
7.5R;3;8;30.76;35.5;22.54;0.5063;0.1682;0.1535
7.5R;3;10;30.76;43.9;28.57;0.5481;0.1142;0.1191
10R;3;2;30.76;9.52;7.15;0.3585;0.2612;0.2415
10R;3;4;30.76;17.87;13.91;0.4131;0.2374;0.202
10R;3;6;30.76;25.55;20.72;0.4583;0.2109;0.1621
10R;3;8;30.76;33.43;28.16;0.5008;0.1771;0.1171
10R;3;10;30.76;41.04;36.01;0.539;0.1335;0.0658
2.5YR;3;2;30.76;8.46;8.61;0.3553;0.2634;0.2326
2.5YR;3;4;30.76;15.55;16.88;0.4054;0.2433;0.1833
2.5YR;3;6;30.76;22.37;26.03;0.4478;0.221;0.1272
2.5YR;3;8;30.76;28.32;36.01;0.4819;0.198;0.0563
5YR;3;2;30.76;7.01;10.03;0.3498;0.2666;0.2237
5YR;3;4;30.76;12.81;19.49;0.3947;0.2503;0.1663
5YR;3;6;30.76;18.31;30.21;0.4318;0.2332;0.0964
7.5YR;3;2;30.76;5.63;11.13;0.3438;0.2697;0.2166
7.5YR;3;4;30.76;10.09;21.95;0.3833;0.2571;0.1499
7.5YR;3;6;30.76;14;33.74;0.4135;0.2452;0.0666
10YR;3;2;30.76;3.63;12.13;0.3343;0.2739;0.2101
10YR;3;4;30.76;6.71;23.99;0.3684;0.2648;0.1355
10YR;3;6;30.76;9.61;37.05;0.3941;0.2564;0.03
2.5Y;3;2;30.76;1.48;12.81;0.3234;0.2783;0.2057
2.5Y;3;4;30.76;3.22;25.65;0.3517;0.2726;0.1233
5Y;3;2;30.76;-0.39;13.01;0.3126;0.2822;0.204
5Y;3;4;30.76;-0.08;26.49;0.3351;0.2794;0.1163
7.5Y;3;2;30.76;-1.98;12.96;0.303;0.2854;0.2041
7.5Y;3;4;30.76;-3.16;26.8;0.3177;0.2857;0.1132
10Y;3;2;30.76;-3.6;12.47;0.292;0.2886;0.2068
10Y;3;4;30.76;-6.35;26.49;0.2993;0.2917;0.1144
2.5GY;3;2;30.76;-5.13;11.32;0.2797;0.2918;0.2136
2.5GY;3;4;30.76;-9.99;24.92;0.2751;0.2983;0.1248
5GY;3;2;30.76;-6.35;10.03;0.2692;0.2941;0.2215
5GY;3;4;30.76;-12.93;21.88;0.2506;0.3037;0.1447
5GY;3;6;30.76;-18.47;34.37;0.2322;0.3111;0.0428
7.5GY;3;2;30.76;-7.58;7.74;0.2543;0.2968;0.2355
7.5GY;3;4;30.76;-16.09;17.39;0.2178;0.3094;0.1739
7.5GY;3;6;30.76;-23.82;27.27;0.1784;0.3195;0.1042
10GY;3;2;30.76;-8.26;6.08;0.2442;0.2984;0.2454
10GY;3;4;30.76;-17.96;13.36;0.1914;0.3127;0.1991
10GY;3;6;30.76;-27.12;20.66;0.1248;0.3246;0.1504
2.5G;3;2;30.76;-8.72;4.29;0.235;0.2996;0.2563
2.5G;3;4;30.76;-19.23;8.91;0.1616;0.3155;0.2267
2.5G;3;6;30.76;-29.53;13.06;0.0252;0.3287;0.1995
5G;3;2;30.76;-9.06;2.96;0.2282;0.3004;0.2645
5G;3;4;30.76;-19.87;6.16;0.1412;0.3169;0.2434
7.5G;3;2;30.76;-9.06;1.92;0.2237;0.3007;0.2707
7.5G;3;4;30.76;-20.13;3.98;0.1243;0.3177;0.2569
10G;3;2;30.76;-9.06;0.81;0.2193;0.301;0.2775
10G;3;4;30.76;-20.13;1.53;0.1059;0.3182;0.2719
2.5BG;3;2;30.76;-8.83;-0.52;0.216;0.3009;0.2855
2.5BG;3;4;30.76;-19.62;-1.23;0.0884;0.3181;0.2888
5BG;3;2;30.76;-8.6;-2.1;0.2111;0.3008;0.2952
5BG;3;4;30.76;-18.59;-4.6;0.0686;0.3174;0.3095
7.5BG;3;2;30.76;-8.15;-3.49;0.2085;0.3004;0.3038
7.5BG;3;4;30.76;-17.33;-7.51;0.0528;0.3164;0.3274
10BG;3;2;30.76;-7.58;-4.88;0.2065;0.2999;0.3122
10BG;3;4;30.76;-15.59;-10.36;0.0506;0.3144;0.3449
2.5B;3;2;30.76;-6.79;-6.13;0.2079;0.2987;0.3198
2.5B;3;4;30.76;-13.53;-12.96;0.0555;0.3121;0.3609
5B;3;2;30.76;-5.9;-7.25;0.2101;0.2974;0.3269
5B;3;4;30.76;-11.03;-15.08;0.08;0.3087;0.3741
7.5B;3;2;30.76;-4.47;-8.35;0.2171;0.2951;0.3335
7.5B;3;4;30.76;-7.92;-16.73;0.1152;0.3041;0.3843
10B;3;2;30.76;-2.73;-9.2;0.2272;0.2922;0.3389
10B;3;4;30.76;-4.8;-17.77;0.1495;0.2989;0.391
2.5PB;3;2;30.76;-0.92;-9.78;0.24;0.2887;0.3426
2.5PB;3;4;30.76;-1.24;-18.58;0.185;0.2924;0.3962
2.5PB;3;6;30.76;-1.13;-26.9;0.096;0.2957;0.4475
5PB;3;2;30.76;1.17;-10.11;0.2544;0.2848;0.3449
5PB;3;4;30.76;2.3;-18.94;0.2178;0.2855;0.3988
5PB;3;6;30.76;3.73;-27.43;0.1654;0.2862;0.4511
5PB;3;8;30.76;5.43;-35.22;0.0835;0.2864;0.4997
7.5PB;3;2;30.76;3.63;-10.25;0.2727;0.2796;0.3458
7.5PB;3;4;30.76;7.1;-19.01;0.2586;0.2752;0.3995
7.5PB;3;6;30.76;11.13;-27.25;0.2437;0.2697;0.4506
7.5PB;3;8;30.76;15.37;-34.78;0.2292;0.2631;0.4976
7.5PB;3;10;30.76;20.32;-42.54;0.2118;0.2548;0.5467
7.5PB;3;12;30.76;25.88;-49.72;0.2004;0.2437;0.5926
7.5PB;3;14;30.76;32.58;-57.13;0.1952;0.228;0.6405
7.5PB;3;16;30.76;39.95;-64.35;0.1956;0.2077;0.6877
7.5PB;3;18;30.76;46.48;-70.22;0.2019;0.1857;0.7264
7.5PB;3;20;30.76;52.62;-75.54;0.2082;0.1609;0.7619
7.5PB;3;22;30.76;60.22;-81.8;0.22;0.12;0.8039
7.5PB;3;24;30.76;67.65;-87.7;0.233;0.0536;0.8438
10PB;3;2;30.76;5.83;-10.09;0.2886;0.2748;0.3451
10PB;3;4;30.76;10.94;-18.09;0.2917;0.2659;0.3943
10PB;3;6;30.76;16.27;-25.48;0.2961;0.2556;0.44
10PB;3;8;30.76;22.03;-32.56;0.3016;0.2433;0.4842
10PB;3;10;30.76;28.48;-39.84;0.3088;0.2276;0.5302
10PB;3;12;30.76;34.28;-45.73;0.3171;0.2114;0.5677
10PB;3;14;30.76;41.33;-52.3;0.3298;0.1877;0.6101
10PB;3;16;30.76;48.61;-58.6;0.344;0.1574;0.651
10PB;3;18;30.76;55.03;-63.83;0.3584;0.1216;0.6853
10PB;3;20;30.76;61.77;-69.21;0.3733;0.064;0.7207
2.5P;3;2;30.76;7.4;-9.39;0.3016;0.2711;0.341
2.5P;3;4;30.76;13.64;-16.75;0.3164;0.2585;0.3864
2.5P;3;6;30.76;19.88;-23.33;0.3314;0.2444;0.4271
2.5P;3;8;30.76;26.45;-29.46;0.3486;0.2275;0.4655
2.5P;3;10;30.76;33.67;-35.78;0.3678;0.2056;0.5052
2.5P;3;12;30.76;40.1;-41.2;0.3852;0.1819;0.5396
2.5P;3;14;30.76;47.58;-47.19;0.4052;0.1478;0.578
2.5P;3;16;30.76;54.71;-52.71;0.4246;0.1017;0.6136
2.5P;3;18;30.76;61.46;-57.77;0.4433;0.0138;0.6465
5P;3;2;30.76;8.65;-8.52;0.3129;0.2679;0.3359
5P;3;4;30.76;15.73;-14.93;0.3367;0.2522;0.3755
5P;3;6;30.76;22.45;-20.69;0.3584;0.2354;0.4111
5P;3;8;30.76;29.52;-26.41;0.3811;0.2147;0.4469
5P;3;10;30.76;37;-32.23;0.4046;0.1884;0.4834
5P;3;12;30.76;44.46;-37.59;0.4284;0.1554;0.5174
5P;3;14;30.76;51.5;-42.7;0.4505;0.1123;0.5499
5P;3;16;30.76;58.66;-47.7;0.4729;0.0329;0.582
7.5P;3;2;30.76;9.71;-7.16;0.324;0.2649;0.3279
7.5P;3;4;30.76;17.43;-12.73;0.3542;0.2468;0.3622
7.5P;3;6;30.76;24.72;-17.79;0.3817;0.2269;0.3937
7.5P;3;8;30.76;32.51;-23.16;0.4101;0.2013;0.4272
7.5P;3;10;30.76;39.88;-28.08;0.4365;0.1712;0.4581
7.5P;3;12;30.76;47.93;-33.26;0.4645;0.1277;0.4908
7.5P;3;14;30.76;55.42;-37.95;0.4908;0.0601;0.5206
10P;3;2;30.76;10.28;-5.7;0.332;0.263;0.3191
10P;3;4;30.76;18.66;-10.39;0.3688;0.2423;0.3483
10P;3;6;30.76;26.29;-14.66;0.4004;0.2199;0.3749
10P;3;8;30.76;34.66;-19.28;0.4339;0.1899;0.4038
10P;3;10;30.76;42.55;-23.68;0.4647;0.153;0.4315
10P;3;12;30.76;50.96;-28.27;0.4965;0.0953;0.4604
2.5RP;3;2;30.76;10.75;-3.75;0.3403;0.2613;0.3074
2.5RP;3;4;30.76;19.71;-7.02;0.3839;0.2378;0.3282
2.5RP;3;6;30.76;27.83;-10.09;0.421;0.2122;0.3476
2.5RP;3;8;30.76;36.4;-13.34;0.4586;0.1782;0.3681
2.5RP;3;10;30.76;45.02;-16.73;0.495;0.1315;0.3896
2.5RP;3;12;30.76;53.21;-19.98;0.5292;0.053;0.4101
5RP;3;2;30.76;10.85;-1.7;0.3466;0.2602;0.295
5RP;3;4;30.76;20.4;-3.49;0.3961;0.2344;0.307
5RP;3;6;30.76;29.04;-5.28;0.4378;0.2058;0.3189
5RP;3;8;30.76;37.89;-7.4;0.4786;0.1676;0.3327
5RP;3;10;30.76;46.41;-9.59;0.5165;0.115;0.3469
7.5RP;3;2;30.76;11.13;-0.07;0.3517;0.2592;0.2853
7.5RP;3;4;30.76;20.66;-0.38;0.4038;0.2328;0.2884
7.5RP;3;6;30.76;29.44;-0.89;0.4483;0.2024;0.2928
7.5RP;3;8;30.76;38.63;-1.7;0.4924;0.1607;0.299
7.5RP;3;10;30.76;47.1;-2.59;0.5315;0.1035;0.3056
10RP;4;2;41.22;9.7;1.73;0.4496;0.3584;0.3709
10RP;4;4;41.22;18.77;3.3;0.5071;0.3336;0.3623
10RP;4;6;41.22;27.53;4.71;0.5582;0.3057;0.3548
10RP;4;8;41.22;36.46;5.98;0.6075;0.2713;0.3484
10RP;4;10;41.22;44.46;6.99;0.6497;0.2332;0.3436
10RP;4;12;41.22;53.32;7.92;0.6947;0.1768;0.3396
10RP;4;14;41.22;61.69;8.58;0.7358;0.0887;0.3375
2.5R;4;2;41.22;9.57;3;0.4521;0.3584;0.3628
2.5R;4;4;41.22;18.58;5.88;0.511;0.3336;0.346
2.5R;4;6;41.22;27.3;8.55;0.5636;0.3053;0.3306
2.5R;4;8;41.22;36.09;11.13;0.6131;0.2712;0.316
2.5R;4;10;41.22;44.31;13.46;0.6573;0.2316;0.3033
2.5R;4;12;41.22;52.66;15.73;0.7005;0.1779;0.2912
2.5R;4;14;41.22;61.51;17.86;0.7446;0.0823;0.2803
5R;4;2;41.22;9.44;4.4;0.4543;0.3585;0.3538
5R;4;4;41.22;18.34;8.94;0.5156;0.3334;0.3266
5R;4;6;41.22;26.62;13.18;0.5674;0.3062;0.3011
5R;4;8;41.22;35.18;17.58;0.617;0.273;0.2752
5R;4;10;41.22;43.04;21.67;0.6603;0.2353;0.2514
5R;4;12;41.22;50.94;25.82;0.7018;0.1864;0.2274
5R;4;14;41.22;59.62;30.11;0.7455;0.1022;0.2031
7.5R;4;2;41.22;9.18;5.41;0.4552;0.3588;0.3475
7.5R;4;4;41.22;17.92;11.25;0.5173;0.334;0.3119
7.5R;4;6;41.22;25.88;16.87;0.5687;0.3078;0.2776
7.5R;4;8;41.22;34.05;22.95;0.6172;0.2763;0.2406
7.5R;4;10;41.22;41.52;28.65;0.659;0.2415;0.206
7.5R;4;12;41.22;49;34.52;0.6988;0.1974;0.1696
7.5R;4;14;41.22;56.69;40.98;0.7382;0.1324;0.1287
10R;4;2;41.22;8.73;6.94;0.4559;0.3595;0.3377
10R;4;4;41.22;16.88;14.37;0.517;0.3362;0.2916
10R;4;6;41.22;24.09;21.63;0.5653;0.3127;0.2465
10R;4;8;41.22;31.44;29.44;0.6106;0.2852;0.197
10R;4;10;41.22;38.46;37.58;0.6508;0.2542;0.1431
10R;4;12;41.22;44.81;46.94;0.6857;0.2204;0.0697
2.5YR;4;2;41.22;7.88;8.75;0.4546;0.3612;0.3261
2.5YR;4;4;41.22;15.03;17.55;0.5117;0.3407;0.2709
2.5YR;4;6;41.22;21.22;26.24;0.5559;0.3209;0.2154
2.5YR;4;8;41.22;27.3;35.81;0.5953;0.2993;0.1509
2.5YR;4;10;41.22;32.48;46.6;0.627;0.2787;0.0607
5YR;4;2;41.22;6.62;10.43;0.4507;0.3638;0.3152
5YR;4;4;41.22;12.65;20.8;0.5032;0.3465;0.2493
5YR;4;6;41.22;17.61;30.69;0.5417;0.331;0.1841
5YR;4;8;41.22;22.22;41.11;0.5737;0.3156;0.1064
7.5YR;4;2;41.22;5.36;11.66;0.4458;0.3664;0.3069
7.5YR;4;4;41.22;10.09;23.54;0.4929;0.3526;0.2304
7.5YR;4;6;41.22;13.91;34.36;0.5259;0.3409;0.1562
7.5YR;4;8;41.22;17.12;45.94;0.5509;0.3306;0.0533
10YR;4;2;41.22;3.26;13.24;0.4364;0.3709;0.2965
10YR;4;4;41.22;6.62;25.99;0.477;0.3607;0.2133
10YR;4;6;41.22;9.38;37.76;0.5049;0.3523;0.1279
2.5Y;4;2;41.22;1.2;14.12;0.4254;0.3753;0.2904
2.5Y;4;4;41.22;2.92;27.74;0.4584;0.3691;0.2001
2.5Y;4;6;41.22;4.48;40.37;0.4806;0.364;0.1027
5Y;4;2;41.22;-0.82;14.53;0.4135;0.3796;0.2875
5Y;4;4;41.22;-0.68;28.97;0.439;0.3769;0.1907
5Y;4;6;41.22;-0.12;42.37;0.4566;0.3742;0.081
7.5Y;4;2;41.22;-2.52;14.5;0.4027;0.3831;0.2874
7.5Y;4;4;41.22;-4.03;29.4;0.4194;0.384;0.1867
7.5Y;4;6;41.22;-4.75;43.24;0.4308;0.3839;0.0679
10Y;4;2;41.22;-5.05;13.49;0.3836;0.3886;0.2934
10Y;4;4;41.22;-7.25;28.83;0.399;0.3904;0.1898
10Y;4;6;41.22;-9.2;43.02;0.4042;0.3927;0.0673
2.5GY;4;2;41.22;-5.78;12.51;0.3764;0.3902;0.2997
2.5GY;4;4;41.22;-10.79;26.94;0.3731;0.3974;0.2023
2.5GY;4;6;41.22;-14.52;40.5;0.3685;0.4026;0.092
5GY;4;2;41.22;-6.81;11.34;0.366;0.3925;0.3071
5GY;4;4;41.22;-13.66;24.15;0.3484;0.403;0.2211
5GY;4;6;41.22;-19.36;36.51;0.33;0.4113;0.1266
7.5GY;4;2;41.22;-8.37;8.83;0.3483;0.3959;0.3231
7.5GY;4;4;41.22;-17.16;19.19;0.3112;0.4098;0.2538
7.5GY;4;6;41.22;-25.27;29.73;0.2714;0.4214;0.1786
7.5GY;4;8;41.22;-33.1;41.11;0.2257;0.4315;0.0757
10GY;4;2;41.22;-9.05;7.18;0.3378;0.3976;0.3336
10GY;4;4;41.22;-18.87;15.08;0.2849;0.4133;0.2808
10GY;4;6;41.22;-28.89;23.42;0.2199;0.4274;0.2231
10GY;4;8;41.22;-38.36;31.48;0.1324;0.4393;0.1622
2.5G;4;2;41.22;-9.73;4.86;0.3247;0.3994;0.3483
2.5G;4;4;41.22;-20.35;9.85;0.252;0.4167;0.3147
2.5G;4;6;41.22;-31.62;14.85;0.1419;0.4327;0.2806
5G;4;2;41.22;-9.95;3.45;0.318;0.4001;0.3573
5G;4;4;41.22;-20.93;6.91;0.2326;0.4182;0.3337
5G;4;6;41.22;-31.89;9.94;0.0926;0.4339;0.3128
7.5G;4;2;41.22;-9.95;2.26;0.3135;0.4004;0.3649
7.5G;4;4;41.22;-21.02;4.5;0.2191;0.4189;0.3493
7.5G;4;6;41.22;-31.99;6.22;0.0213;0.4348;0.337
10G;4;2;41.22;-9.95;1.13;0.3088;0.4007;0.3722
10G;4;4;41.22;-20.85;2.07;0.206;0.4192;0.3649
2.5BG;4;2;41.22;-9.73;-0.27;0.3052;0.4006;0.3811
2.5BG;4;4;41.22;-20.43;-0.73;0.1931;0.4191;0.383
5BG;4;2;41.22;-9.35;-1.77;0.3018;0.4003;0.3908
5BG;4;4;41.22;-19.28;-3.92;0.1837;0.4181;0.4035
7.5BG;4;2;41.22;-8.82;-3.19;0.2997;0.3998;0.3999
7.5BG;4;4;41.22;-17.89;-6.66;0.1804;0.4166;0.4212
10BG;4;2;41.22;-8.07;-4.5;0.3003;0.3987;0.4083
10BG;4;4;41.22;-16.19;-9.44;0.1801;0.4146;0.4391
2.5B;4;2;41.22;-7.1;-5.63;0.3037;0.3971;0.4157
2.5B;4;4;41.22;-14.05;-11.88;0.1888;0.4116;0.455
5B;4;2;41.22;-6;-6.58;0.3088;0.3953;0.4218
5B;4;4;41.22;-11.48;-13.73;0.2075;0.4077;0.4671
7.5B;4;2;41.22;-4.46;-7.39;0.3179;0.3926;0.4272
7.5B;4;4;41.22;-8.37;-15.22;0.2334;0.4026;0.4769
7.5B;4;6;41.22;-11.33;-22.71;0.0953;0.4105;0.5248
10B;4;2;41.22;-2.88;-7.97;0.3287;0.3895;0.4311
10B;4;4;41.22;-5.34;-16.13;0.2605;0.3971;0.483
10B;4;6;41.22;-7.25;-23.82;0.1653;0.4035;0.5323
2.5PB;4;2;41.22;-1.03;-8.44;0.3413;0.3859;0.4342
2.5PB;4;4;41.22;-1.88;-16.83;0.2911;0.3904;0.4877
2.5PB;4;6;41.22;-2.16;-24.82;0.228;0.3941;0.5392
2.5PB;4;8;41.22;-2.31;-33.27;0.1117;0.398;0.594
5PB;4;2;41.22;0.93;-8.86;0.355;0.3819;0.4371
5PB;4;4;41.22;1.76;-17.09;0.3227;0.3829;0.4897
5PB;4;6;41.22;2.58;-25.22;0.2792;0.3844;0.5422
5PB;4;8;41.22;3.81;-33.74;0.2172;0.3856;0.5974
5PB;4;10;41.22;5.29;-41.46;0.1265;0.3862;0.6481
7.5PB;4;2;41.22;2.92;-8.97;0.3697;0.3776;0.438
7.5PB;4;4;41.22;5.83;-17.07;0.3569;0.3739;0.49
7.5PB;4;6;41.22;8.99;-24.97;0.3411;0.3698;0.5411
7.5PB;4;8;41.22;12.71;-32.99;0.3239;0.3646;0.5932
7.5PB;4;10;41.22;16.63;-40.75;0.3036;0.3587;0.6442
7.5PB;4;12;41.22;20.92;-48.14;0.2826;0.3518;0.6931
7.5PB;4;14;41.22;25.94;-55.35;0.2654;0.3425;0.7413
7.5PB;4;16;41.22;32.09;-62.92;0.2526;0.3295;0.7924
7.5PB;4;18;41.22;38.72;-70.23;0.244;0.3136;0.8422
7.5PB;4;20;41.22;46.6;-78.24;0.2389;0.2919;0.8973
7.5PB;4;22;41.22;52.51;-83.71;0.2416;0.2729;0.9352
7.5PB;4;24;41.22;59.48;-89.97;0.2461;0.247;0.9789
7.5PB;4;26;41.22;66.79;-96.31;0.253;0.2141;1
10PB;4;2;41.22;4.82;-8.88;0.384;0.3733;0.4376
10PB;4;4;41.22;9.25;-16.37;0.3862;0.3656;0.4859
10PB;4;6;41.22;14.03;-23.88;0.3882;0.3568;0.5345
10PB;4;8;41.22;19.07;-31.04;0.3908;0.3468;0.5811
10PB;4;10;41.22;24.38;-38.09;0.3934;0.3354;0.6274
10PB;4;12;41.22;30.16;-44.98;0.3987;0.3217;0.673
10PB;4;14;41.22;36.14;-51.68;0.4047;0.306;0.7176
10PB;4;16;41.22;42.64;-57.74;0.4173;0.2863;0.7584
10PB;4;18;41.22;49;-63.84;0.4281;0.2643;0.7997
10PB;4;20;41.22;56.55;-70.52;0.4427;0.2335;0.8453
10PB;4;22;41.22;62.27;-75.32;0.455;0.2052;0.8783
10PB;4;24;41.22;68.86;-80.78;0.4692;0.1641;0.916
10PB;4;26;41.22;76.61;-86.92;0.4872;0.0892;0.9588
2.5P;4;2;41.22;6.16;-8.38;0.3956;0.37;0.4346
2.5P;4;4;41.22;11.89;-15.39;0.4093;0.3588;0.4799
2.5P;4;6;41.22;17.37;-21.77;0.4221;0.3471;0.5212
2.5P;4;8;41.22;23.34;-28.07;0.4374;0.3329;0.5623
2.5P;4;10;41.22;29.55;-34.14;0.4538;0.3166;0.6021
2.5P;4;12;41.22;36.3;-40.34;0.4718;0.2968;0.6431
2.5P;4;14;41.22;42.79;-46.06;0.4892;0.2751;0.6811
2.5P;4;16;41.22;49.68;-51.82;0.5085;0.248;0.7196
2.5P;4;18;41.22;56.78;-57.53;0.5287;0.2143;0.7581
2.5P;4;20;41.22;64.17;-63.37;0.5491;0.1693;0.7977
2.5P;4;22;41.22;70.05;-67.85;0.566;0.1184;0.8282
5P;4;2;41.22;7.35;-7.49;0.4068;0.367;0.4291
5P;4;4;41.22;13.78;-13.75;0.4287;0.3532;0.4696
5P;4;6;41.22;19.91;-19.43;0.4493;0.3388;0.5065
5P;4;8;41.22;26.28;-24.99;0.4706;0.3221;0.5427
5P;4;10;41.22;33.18;-30.58;0.4937;0.3019;0.5794
5P;4;12;41.22;39.92;-35.89;0.5162;0.2792;0.6145
5P;4;14;41.22;47.09;-41.29;0.5403;0.2509;0.6502
5P;4;16;41.22;54.78;-46.9;0.566;0.2138;0.6876
5P;4;18;41.22;61.6;-51.84;0.5884;0.1713;0.7207
5P;4;20;41.22;69.03;-57.03;0.6128;0.1024;0.7557
7.5P;4;2;41.22;8.27;-6.17;0.4177;0.3643;0.4208
7.5P;4;4;41.22;15.46;-11.38;0.4483;0.3478;0.4548
7.5P;4;6;41.22;22.52;-16.27;0.4772;0.3298;0.4866
7.5P;4;8;41.22;29.55;-21.13;0.5054;0.3093;0.5183
7.5P;4;10;41.22;36.57;-25.82;0.5328;0.286;0.5492
7.5P;4;12;41.22;43.7;-30.54;0.56;0.2585;0.5802
7.5P;4;14;41.22;51.42;-35.51;0.5892;0.2222;0.6131
7.5P;4;16;41.22;59.21;-40.34;0.6184;0.1745;0.6452
7.5P;4;18;41.22;66.79;-45.15;0.6461;0.1038;0.6773
10P;4;2;41.22;8.92;-4.69;0.4264;0.3624;0.4114
10P;4;4;41.22;16.88;-8.88;0.4651;0.3431;0.439
10P;4;6;41.22;24.56;-12.94;0.5004;0.3219;0.4657
10P;4;8;41.22;32.15;-16.95;0.534;0.298;0.492
10P;4;10;41.22;39.45;-20.81;0.5654;0.2711;0.5175
10P;4;12;41.22;47.04;-24.78;0.5975;0.2377;0.5436
10P;4;14;41.22;54.73;-28.81;0.6292;0.1948;0.5703
10P;4;16;41.22;61.96;-32.54;0.6588;0.1384;0.595
2.5RP;4;2;41.22;9.31;-3.08;0.4339;0.3609;0.4013
2.5RP;4;4;41.22;17.67;-5.88;0.4784;0.3398;0.4202
2.5RP;4;6;41.22;26.22;-8.86;0.5214;0.315;0.44
2.5RP;4;8;41.22;34.37;-11.71;0.5609;0.2871;0.4591
2.5RP;4;10;41.22;41.87;-14.44;0.5958;0.2567;0.4773
2.5RP;4;12;41.22;49.93;-17.41;0.6327;0.2159;0.4971
2.5RP;4;14;41.22;57.56;-20.24;0.6666;0.1645;0.5161
2.5RP;4;16;41.22;65.18;-23.14;0.7;0.0796;0.5353
5RP;4;2;41.22;9.7;-1.16;0.4417;0.3594;0.3892
5RP;4;4;41.22;18.4;-2.35;0.4919;0.3366;0.3979
5RP;4;6;41.22;27.36;-3.64;0.5405;0.3091;0.4073
5RP;4;8;41.22;35.98;-5.07;0.5849;0.2776;0.4175
5RP;4;10;41.22;43.25;-6.44;0.6209;0.2456;0.4272
5RP;4;12;41.22;51.94;-8.15;0.6627;0.1967;0.4391
5RP;4;14;41.22;59.75;-9.79;0.6995;0.1326;0.4507
7.5RP;4;2;41.22;9.83;0.4;0.4467;0.3586;0.3793
7.5RP;4;4;41.22;18.64;0.68;0.5005;0.3349;0.3788
7.5RP;4;6;41.22;27.59;0.83;0.5512;0.3067;0.3793
7.5RP;4;8;41.22;36.41;0.68;0.5983;0.2735;0.3815
7.5RP;4;10;41.22;44.21;0.4;0.6382;0.2374;0.3845
7.5RP;4;12;41.22;52.7;-0.11;0.6802;0.1863;0.3892
7.5RP;4;14;41.22;60.88;-0.66;0.7199;0.1096;0.3941
10RP;5;2;51.58;8.14;1.69;0.5434;0.4626;0.4712
10RP;5;4;51.58;17.12;3.63;0.6059;0.4383;0.4597
10RP;5;6;51.58;26.07;5.41;0.6631;0.4109;0.4495
10RP;5;8;51.58;35.02;7.07;0.7169;0.3793;0.4401
10RP;5;10;51.58;43.28;8.42;0.7641;0.3453;0.4329
10RP;5;12;51.58;52.56;9.75;0.8151;0.2988;0.4261
10RP;5;14;51.58;59.92;10.65;0.8542;0.2526;0.4218
10RP;5;16;51.58;68.76;11.65;0.9001;0.1751;0.4175
2.5R;5;2;51.58;8.1;2.61;0.5459;0.4624;0.4651
2.5R;5;4;51.58;17.12;5.74;0.6105;0.4378;0.4457
2.5R;5;6;51.58;25.9;8.91;0.669;0.4104;0.4264
2.5R;5;8;51.58;34.54;11.92;0.7224;0.3796;0.4082
2.5R;5;10;51.58;43.13;14.7;0.7726;0.3438;0.3919
2.5R;5;12;51.58;52.12;17.45;0.8231;0.2982;0.376
2.5R;5;14;51.58;59.47;19.62;0.8628;0.2515;0.3638
2.5R;5;16;51.58;68.1;21.91;0.9081;0.1752;0.3514
5R;5;2;51.58;8;3.74;0.5481;0.4624;0.4576
5R;5;4;51.58;16.99;8.36;0.6156;0.4374;0.4285
5R;5;6;51.58;25.44;12.94;0.6735;0.4108;0.3997
5R;5;8;51.58;33.82;17.5;0.7269;0.3807;0.3714
5R;5;10;51.58;42.25;22.11;0.7777;0.3454;0.3429
5R;5;12;51.58;50.86;26.55;0.8266;0.3022;0.3158
5R;5;14;51.58;58.15;30.46;0.8667;0.2568;0.2922
5R;5;16;51.58;66.62;34.83;0.9117;0.1848;0.2662
5R;5;18;51.58;74.98;39.3;0.9551;0.0331;0.24
7.5R;5;2;51.58;7.81;4.94;0.5501;0.4625;0.4496
7.5R;5;4;51.58;16.45;10.84;0.6175;0.4382;0.4119
7.5R;5;6;51.58;24.5;16.86;0.6749;0.4127;0.3735
7.5R;5;8;51.58;32.61;23.24;0.7283;0.3836;0.3328
7.5R;5;10;51.58;40.64;29.44;0.7774;0.3506;0.2934
7.5R;5;12;51.58;48.7;35.79;0.8241;0.3112;0.2528
7.5R;5;14;51.58;55.87;42.01;0.8642;0.2685;0.2119
7.5R;5;16;51.58;63.57;48.9;0.9056;0.2091;0.1648
7.5R;5;18;51.58;70.69;55.26;0.9424;0.1252;0.1179
10R;5;2;51.58;7.48;6.5;0.5518;0.4629;0.4393
10R;5;4;51.58;15.23;14.11;0.6165;0.4408;0.3901
10R;5;6;51.58;22.83;22.04;0.6733;0.4168;0.3386
10R;5;8;51.58;30.28;30.25;0.7242;0.3904;0.2847
10R;5;10;51.58;37.48;39.08;0.7699;0.3617;0.2248
10R;5;12;51.58;44.26;48.5;0.8107;0.3307;0.1554
10R;5;14;51.58;49.95;57.38;0.8433;0.3008;0.0722
2.5YR;5;2;51.58;6.86;8.29;0.5523;0.4639;0.4274
2.5YR;5;4;51.58;13.59;16.86;0.6119;0.4446;0.3714
2.5YR;5;6;51.58;20.31;26.27;0.6651;0.4236;0.3092
2.5YR;5;8;51.58;26.83;36.31;0.7119;0.4012;0.2409
2.5YR;5;10;51.58;32.57;46.56;0.7503;0.3795;0.1645
2.5YR;5;12;51.58;37.01;57.19;0.7789;0.3611;0.0569
5YR;5;2;51.58;5.85;9.83;0.5494;0.466;0.4168
5YR;5;4;51.58;11.29;20.08;0.6039;0.4501;0.3492
5YR;5;6;51.58;16.94;31.08;0.6525;0.4325;0.275
5YR;5;8;51.58;22.05;42.26;0.6921;0.4155;0.1943
5YR;5;10;51.58;26.32;53.05;0.7222;0.4006;0.0986
7.5YR;5;2;51.58;4.69;11.06;0.5447;0.4685;0.4085
7.5YR;5;4;51.58;9.09;22.6;0.5953;0.4551;0.3317
7.5YR;5;6;51.58;13.55;34.86;0.6381;0.4413;0.2469
7.5YR;5;8;51.58;17.21;46.98;0.6699;0.4294;0.1526
10YR;5;2;51.58;2.88;12.63;0.5368;0.4724;0.3978
10YR;5;4;51.58;5.9;25.42;0.5806;0.4626;0.3115
10YR;5;6;51.58;8.95;38.81;0.6164;0.4529;0.2157
10YR;5;8;51.58;11.43;51.41;0.6417;0.445;0.1046
2.5Y;5;2;51.58;1;13.68;0.5269;0.4764;0.3903
2.5Y;5;4;51.58;2.34;27.54;0.5624;0.4707;0.296
2.5Y;5;6;51.58;4.01;41.93;0.5913;0.4647;0.1892
2.5Y;5;8;51.58;5.42;54.84;0.6108;0.4599;0.0517
5Y;5;2;51.58;-1.31;14.35;0.5133;0.4814;0.3855
5Y;5;4;51.58;-1.46;29.02;0.5412;0.4791;0.2848
5Y;5;6;51.58;-0.95;43.98;0.5643;0.4759;0.1701
7.5Y;5;2;51.58;-2.63;14.42;0.5043;0.4844;0.3848
7.5Y;5;4;51.58;-4.58;29.44;0.5223;0.4857;0.281
7.5Y;5;6;51.58;-5.78;44.85;0.5361;0.4863;0.1602
10Y;5;2;51.58;-4.17;14.03;0.4927;0.4878;0.3872
10Y;5;4;51.58;-7.61;28.99;0.5016;0.4922;0.2834
10Y;5;6;51.58;-10.12;44.15;0.508;0.4953;0.1647
2.5GY;5;2;51.58;-5.83;12.96;0.4783;0.4915;0.394
2.5GY;5;4;51.58;-10.87;26.75;0.4753;0.4991;0.2986
2.5GY;5;6;51.58;-15.1;41.29;0.4713;0.5053;0.1873
5GY;5;2;51.58;-7.03;11.75;0.4665;0.4942;0.402
5GY;5;4;51.58;-13.5;24;0.4509;0.5046;0.3174
5GY;5;6;51.58;-19.7;37.13;0.4323;0.5142;0.2198
5GY;5;8;51.58;-24.93;50.52;0.4147;0.5219;0.0895
7.5GY;5;2;51.58;-8.62;9.54;0.4482;0.4979;0.4166
7.5GY;5;4;51.58;-16.79;19.38;0.4141;0.5116;0.3488
7.5GY;5;6;51.58;-25.05;30.04;0.3759;0.5243;0.2719
7.5GY;5;8;51.58;-32.64;40.81;0.3353;0.5352;0.1858
7.5GY;5;10;51.58;-40.04;52.83;0.2894;0.5451;0.0381
10GY;5;2;51.58;-9.53;7.6;0.4347;0.5002;0.4295
10GY;5;4;51.58;-18.83;15.25;0.3847;0.5161;0.3766
10GY;5;6;51.58;-28.08;23.4;0.3292;0.5303;0.3189
10GY;5;8;51.58;-37.57;31.76;0.259;0.5436;0.2564
10GY;5;10;51.58;-46.96;40.22;0.1609;0.5555;0.1865
2.5G;5;2;51.58;-10.28;5.41;0.4213;0.5022;0.4439
2.5G;5;4;51.58;-20.39;10.49;0.3533;0.5198;0.4086
2.5G;5;6;51.58;-30.56;15.47;0.2698;0.5356;0.3733
2.5G;5;8;51.58;-41.39;20.32;0.1321;0.5506;0.3383
5G;5;2;51.58;-10.44;3.74;0.4137;0.503;0.4551
5G;5;4;51.58;-20.97;7.26;0.3339;0.5215;0.4302
5G;5;6;51.58;-31.25;10.31;0.2309;0.5377;0.4083
7.5G;5;2;51.58;-10.5;2.61;0.4091;0.5033;0.4627
7.5G;5;4;51.58;-20.97;4.88;0.3221;0.5221;0.4462
7.5G;5;6;51.58;-31.19;6.71;0.2056;0.5383;0.4326
10G;5;2;51.58;-10.34;1.27;0.405;0.5033;0.4716
10G;5;4;51.58;-20.8;2.37;0.3111;0.5223;0.463
10G;5;6;51.58;-30.62;3.21;0.1839;0.5382;0.4563
2.5BG;5;2;51.58;-10.17;0.09;0.4016;0.5033;0.4794
2.5BG;5;4;51.58;-20.27;0.04;0.3037;0.522;0.4786
2.5BG;5;6;51.58;-29.75;-0.24;0.1632;0.5377;0.4795
5BG;5;2;51.58;-9.69;-1.62;0.3982;0.5029;0.4909
5BG;5;4;51.58;-19.24;-3.28;0.2949;0.5211;0.5008
5BG;5;6;51.58;-28.2;-4.93;0.1349;0.5365;0.511
7.5BG;5;2;51.58;-9.21;-3.01;0.3962;0.5023;0.5002
7.5BG;5;4;51.58;-17.98;-5.79;0.2932;0.5195;0.5178
7.5BG;5;6;51.58;-26.8;-8.74;0.1071;0.5353;0.5366
10BG;5;2;51.58;-8.25;-4.29;0.3988;0.5008;0.5089
10BG;5;4;51.58;-16.05;-8.66;0.2957;0.5169;0.537
10BG;5;6;51.58;-24.03;-13.26;0.1006;0.5321;0.5671
2.5B;5;2;51.58;-7.19;-5.26;0.4036;0.4989;0.5154
2.5B;5;4;51.58;-14.16;-10.85;0.3027;0.5141;0.5519
2.5B;5;6;51.58;-20.97;-16.58;0.1248;0.5281;0.5896
5B;5;2;51.58;-5.88;-6.14;0.411;0.4965;0.5214
5B;5;4;51.58;-11.74;-12.64;0.3181;0.5101;0.5641
5B;5;6;51.58;-16.79;-19.61;0.1764;0.5217;0.6102
7.5B;5;2;51.58;-4.58;-6.8;0.4193;0.494;0.5259
7.5B;5;4;51.58;-8.73;-14.22;0.3404;0.5048;0.5749
7.5B;5;6;51.58;-12.34;-21.64;0.2319;0.5143;0.6242
10B;5;2;51.58;-2.88;-7.42;0.4308;0.4906;0.5303
10B;5;4;51.58;-5.67;-15.15;0.3661;0.4989;0.5814
10B;5;6;51.58;-7.88;-22.91;0.2836;0.5062;0.6331
10B;5;8;51.58;-10.07;-30.78;0.1377;0.5135;0.6858
2.5PB;5;2;51.58;-1.21;-7.74;0.4431;0.4871;0.5325
2.5PB;5;4;51.58;-2.37;-15.6;0.3948;0.4923;0.5847
2.5PB;5;6;51.58;-2.93;-23.97;0.3351;0.4965;0.6406
2.5PB;5;8;51.58;-3.29;-31.98;0.2552;0.5006;0.6944
2.5PB;5;10;51.58;-3.29;-40.08;0.1114;0.5043;0.7493
5PB;5;2;51.58;0.6;-7.84;0.4571;0.4831;0.5335
5PB;5;4;51.58;1.1;-15.86;0.4244;0.4848;0.5868
5PB;5;6;51.58;1.89;-24.31;0.3835;0.4862;0.6434
5PB;5;8;51.58;2.68;-32.3;0.332;0.4879;0.6971
5PB;5;10;51.58;3.86;-40.36;0.264;0.4891;0.7517
5PB;5;12;51.58;5.12;-48.45;0.1489;0.4906;0.807
7.5PB;5;2;51.58;2.34;-7.86;0.4704;0.4793;0.5337
7.5PB;5;4;51.58;4.64;-15.67;0.4552;0.4766;0.5859
7.5PB;5;6;51.58;7.76;-24.15;0.4387;0.4726;0.6428
7.5PB;5;8;51.58;11.15;-31.93;0.4228;0.4678;0.6953
7.5PB;5;10;51.58;14.28;-39.24;0.4025;0.4635;0.745
7.5PB;5;12;51.58;18.5;-47.39;0.3805;0.457;0.8008
7.5PB;5;14;51.58;22.87;-55.4;0.354;0.45;0.8559
7.5PB;5;16;51.58;27.75;-63.2;0.3271;0.4415;0.9102
7.5PB;5;18;51.58;33.98;-71.53;0.3039;0.4289;0.9686
7.5PB;5;20;51.58;40.52;-79.54;0.2817;0.4143;1
10PB;5;2;51.58;3.81;-7.52;0.4828;0.4758;0.5317
10PB;5;4;51.58;7.81;-15.07;0.4831;0.4688;0.5822
10PB;5;6;51.58;12.72;-23.14;0.4847;0.4599;0.6365
10PB;5;8;51.58;17.17;-30.27;0.4846;0.4514;0.6847
10PB;5;10;51.58;22.14;-37.11;0.4881;0.441;0.7312
10PB;5;12;51.58;27.46;-44.26;0.4903;0.4294;0.7802
10PB;5;14;51.58;33.17;-51.44;0.4932;0.4159;0.8296
10PB;5;16;51.58;39.16;-58.51;0.4972;0.4006;0.8786
10PB;5;18;51.58;44.83;-64.42;0.5052;0.3842;0.9199
10PB;5;20;51.58;51.44;-71.11;0.5141;0.3634;0.9669
10PB;5;22;51.58;58.71;-77.67;0.5288;0.3368;1
2.5P;5;2;51.58;4.93;-6.93;0.4933;0.473;0.5279
2.5P;5;4;51.58;10.22;-14.11;0.5052;0.4626;0.5761
2.5P;5;6;51.58;15.82;-21.07;0.5179;0.4509;0.6231
2.5P;5;8;51.58;21.92;-27.88;0.5333;0.437;0.6691
2.5P;5;10;51.58;27.5;-33.82;0.5476;0.4232;0.7095
2.5P;5;12;51.58;33.9;-40.05;0.5651;0.4059;0.7522
2.5P;5;14;51.58;40.13;-45.85;0.5824;0.3874;0.792
2.5P;5;16;51.58;46.63;-51.72;0.6005;0.3659;0.8326
2.5P;5;18;51.58;52.88;-57.19;0.6177;0.343;0.8706
2.5P;5;20;51.58;59.99;-63.18;0.6377;0.3132;0.9124
2.5P;5;22;51.58;67.21;-69.18;0.6578;0.2773;0.9547
2.5P;5;24;51.58;74.44;-74.95;0.6784;0.2329;0.9955
2.5P;5;26;51.58;81.86;-80.57;0.7005;0.171;1
5P;5;2;51.58;5.85;-6.09;0.5031;0.4705;0.5225
5P;5;4;51.58;12.03;-12.41;0.5249;0.4573;0.565
5P;5;6;51.58;18.55;-18.64;0.5475;0.4424;0.6071
5P;5;8;51.58;25.18;-24.64;0.5707;0.4256;0.6479
5P;5;10;51.58;31.35;-30.02;0.5919;0.4087;0.6845
5P;5;12;51.58;38.3;-35.84;0.6158;0.3875;0.7242
5P;5;14;51.58;44.6;-40.93;0.6375;0.3661;0.759
5P;5;16;51.58;51.55;-46.35;0.6611;0.3396;0.7965
5P;5;18;51.58;58.36;-51.51;0.6844;0.3096;0.8322
5P;5;20;51.58;65.28;-56.64;0.708;0.2736;0.8679
5P;5;22;51.58;72.72;-61.95;0.7337;0.2251;0.9051
5P;5;24;51.58;80.3;-67.31;0.7593;0.156;0.9428
5P;5;26;51.58;87.4;-72.23;0.7836;0.0036;0.9776
7.5P;5;2;51.58;6.67;-4.76;0.5136;0.4681;0.5137
7.5P;5;4;51.58;13.96;-9.94;0.5468;0.4515;0.549
7.5P;5;6;51.58;21.27;-15.15;0.5789;0.4331;0.5843
7.5P;5;8;51.58;28.79;-20.3;0.611;0.4122;0.6193
7.5P;5;10;51.58;35.34;-24.74;0.6383;0.392;0.6496
7.5P;5;12;51.58;42.67;-29.68;0.6682;0.3666;0.6833
7.5P;5;14;51.58;49.76;-34.17;0.6973;0.3384;0.7141
7.5P;5;16;51.58;56.82;-38.73;0.7252;0.3061;0.7456
7.5P;5;18;51.58;64.38;-43.56;0.7549;0.2643;0.7789
7.5P;5;20;51.58;71.59;-48.16;0.7825;0.2137;0.8108
7.5P;5;22;51.58;79.77;-53.1;0.8145;0.1259;0.8452
10P;5;2;51.58;7.19;-3.66;0.521;0.4665;0.5065
10P;5;4;51.58;15.01;-7.51;0.5621;0.4477;0.5329
10P;5;6;51.58;23.22;-11.6;0.603;0.4259;0.5611
10P;5;8;51.58;31.35;-15.77;0.6419;0.4016;0.5896
10P;5;10;51.58;38.42;-19.43;0.6748;0.3776;0.6147
10P;5;12;51.58;46.29;-23.49;0.7103;0.3473;0.6425
10P;5;14;51.58;53.6;-27.18;0.743;0.3142;0.6679
10P;5;16;51.58;61.02;-30.93;0.7755;0.2742;0.6938
10P;5;18;51.58;68.63;-34.82;0.8083;0.2219;0.7206
10P;5;20;51.58;76.5;-38.73;0.8421;0.1423;0.7476
2.5RP;5;2;51.58;7.72;-2.34;0.5287;0.4648;0.4978
2.5RP;5;4;51.58;15.95;-4.91;0.5759;0.4444;0.516
2.5RP;5;6;51.58;24.59;-7.7;0.6231;0.4201;0.5354
2.5RP;5;8;51.58;33.5;-10.62;0.6695;0.3917;0.5559
2.5RP;5;10;51.58;40.79;-13.14;0.7063;0.365;0.5735
2.5RP;5;12;51.58;49.1;-16.03;0.747;0.3297;0.5936
2.5RP;5;14;51.58;57;-18.79;0.7849;0.2893;0.6128
2.5RP;5;16;51.58;64.48;-21.43;0.8202;0.2414;0.6313
2.5RP;5;18;51.58;72.21;-24.2;0.856;0.1733;0.6505
2.5RP;5;20;51.58;79.99;-27.08;0.8915;0.0262;0.6707
5RP;5;2;51.58;7.95;-0.66;0.5355;0.4637;0.4867
5RP;5;4;51.58;16.72;-1.52;0.5902;0.4411;0.4937
5RP;5;6;51.58;25.61;-2.49;0.6427;0.4151;0.5012
5RP;5;8;51.58;34.7;-3.53;0.6939;0.3844;0.5095
5RP;5;10;51.58;42.59;-4.63;0.7362;0.3536;0.518
5RP;5;12;51.58;51.33;-5.91;0.7818;0.313;0.5277
5RP;5;14;51.58;59.16;-7.2;0.8216;0.2681;0.5373
5RP;5;16;51.58;67.31;-8.61;0.8622;0.2063;0.5479
5RP;5;18;51.58;75.11;-9.98;0.9005;0.1105;0.5581
7.5RP;5;2;51.58;8.1;0.54;0.54;0.463;0.4789
7.5RP;5;4;51.58;17.08;1.18;0.5996;0.4392;0.4758
7.5RP;5;6;51.58;26.07;1.56;0.6548;0.4122;0.4747
7.5RP;5;8;51.58;35.14;1.76;0.7074;0.3808;0.4749
7.5RP;5;10;51.58;43.05;1.85;0.7515;0.3488;0.4756
7.5RP;5;12;51.58;52.34;1.69;0.8014;0.3037;0.4784
7.5RP;5;14;51.58;59.81;1.46;0.8402;0.2583;0.4812
7.5RP;5;16;51.58;68.23;1.06;0.8832;0.1888;0.4854
7.5RP;5;18;51.58;76.15;0.54;0.9225;0.0674;0.4904
10RP;6;2;61.7;7.59;1.7;0.6447;0.5657;0.5729
10RP;6;4;61.7;16.01;3.66;0.7069;0.5429;0.5608
10RP;6;6;61.7;25.07;5.68;0.7689;0.5157;0.5485
10RP;6;8;61.7;32.5;7.28;0.8172;0.4908;0.5388
10RP;6;10;61.7;41.26;9.04;0.8714;0.4579;0.5285
10RP;6;12;61.7;49.79;10.62;0.922;0.421;0.5194
10RP;6;14;61.7;57.84;11.99;0.968;0.3805;0.512
10RP;6;16;61.7;67.55;13.61;1;0.3201;0.5033
10RP;6;18;61.7;75.53;14.76;1;0.2547;0.4976
2.5R;6;2;61.7;7.59;2.69;0.6475;0.5655;0.5662
2.5R;6;4;61.7;16.05;5.77;0.7123;0.5423;0.5463
2.5R;6;6;61.7;24.74;9.21;0.7746;0.5157;0.5243
2.5R;6;8;61.7;32.43;12.13;0.8261;0.4895;0.5058
2.5R;6;10;61.7;40.99;15.23;0.8804;0.4569;0.4864
2.5R;6;12;61.7;49.56;18.16;0.932;0.4195;0.4685
2.5R;6;14;61.7;57.42;20.71;0.9779;0.3793;0.4531
2.5R;6;16;61.7;66.73;23.45;1;0.3213;0.437
2.5R;6;18;61.7;75.05;25.97;1;0.2527;0.4225
5R;6;2;61.7;7.59;3.63;0.6502;0.5652;0.5597
5R;6;4;61.7;15.95;8.12;0.7173;0.5419;0.5302
5R;6;6;61.7;24.28;12.77;0.779;0.5161;0.4999
5R;6;8;61.7;31.96;16.88;0.8317;0.4898;0.4733
5R;6;10;61.7;40.36;21.49;0.8863;0.4575;0.4436
5R;6;12;61.7;48.66;25.85;0.9374;0.4212;0.4158
5R;6;14;61.7;56.4;30.08;0.9834;0.3817;0.389
5R;6;16;61.7;64.85;34.74;1;0.33;0.3596
5R;6;18;61.7;72.94;39.23;1;0.2665;0.3317
7.5R;6;2;61.7;7.52;5.1;0.6539;0.5649;0.5496
7.5R;6;4;61.7;15.46;10.82;0.7205;0.5425;0.5116
7.5R;6;6;61.7;23.19;16.47;0.7794;0.5185;0.4743
7.5R;6;8;61.7;30.88;22.52;0.8344;0.4921;0.4343
7.5R;6;10;61.7;39.09;29.08;0.8893;0.4606;0.3909
7.5R;6;12;61.7;46.51;35.41;0.9365;0.4284;0.3488
7.5R;6;14;61.7;54.02;42.14;0.9823;0.3911;0.3034
7.5R;6;16;61.7;61.58;49.28;1;0.347;0.2541
7.5R;6;18;61.7;68.83;56.49;1;0.2954;0.2015
10R;6;2;61.7;7.34;6.6;0.6567;0.565;0.5393
10R;6;4;61.7;14.7;14.2;0.723;0.5437;0.4882
10R;6;6;61.7;21.56;21.52;0.7787;0.5222;0.4391
10R;6;8;61.7;28.64;29.25;0.8313;0.498;0.3869
10R;6;10;61.7;35.9;38.02;0.882;0.4708;0.3265
10R;6;12;61.7;42.7;47.04;0.9269;0.4423;0.2621
10R;6;14;61.7;49.3;56.75;0.9681;0.4117;0.1856
10R;6;16;61.7;55;67.05;1;0.3816;0.0775
2.5YR;6;2;61.7;6.69;8.42;0.6572;0.5661;0.5267
2.5YR;6;4;61.7;12.95;16.94;0.7176;0.5478;0.469
2.5YR;6;6;61.7;19.5;26.07;0.7739;0.5272;0.4069
2.5YR;6;8;61.7;25.66;35.09;0.8219;0.5066;0.3444
2.5YR;6;10;61.7;31.71;45.28;0.8662;0.4846;0.2707
2.5YR;6;12;61.7;37.01;56.19;0.9033;0.4636;0.1826
2.5YR;6;14;61.7;41.45;67.66;0.9332;0.4447;0.0395
5YR;6;2;61.7;5.63;10.02;0.654;0.5684;0.5155
5YR;6;4;61.7;10.79;19.9;0.7099;0.5528;0.448
5YR;6;6;61.7;16.08;30.81;0.7608;0.5361;0.3725
5YR;6;8;61.7;21.15;41.61;0.804;0.5194;0.2948
5YR;6;10;61.7;25.76;52.76;0.84;0.5034;0.2067
5YR;6;12;61.7;29.51;64.33;0.8683;0.4897;0.0817
7.5YR;6;2;61.7;4.45;11.4;0.6496;0.5709;0.5058
7.5YR;6;4;61.7;8.57;22.43;0.7009;0.558;0.43
7.5YR;6;6;61.7;12.6;34.33;0.7451;0.5451;0.3462
7.5YR;6;8;61.7;16.39;46.38;0.7819;0.5326;0.2558
7.5YR;6;10;61.7;19.6;58.9;0.8107;0.5218;0.1428
10YR;6;2;61.7;2.55;13;0.6407;0.5751;0.4944
10YR;6;4;61.7;5.07;25.32;0.6841;0.5662;0.409
10YR;6;6;61.7;8.07;38.34;0.7233;0.5564;0.3152
10YR;6;8;61.7;10.58;51.24;0.753;0.548;0.2124
10YR;6;10;61.7;12.84;64.05;0.7762;0.5406;0.063
2.5Y;6;2;61.7;0.37;14.27;0.6289;0.5799;0.4852
2.5Y;6;4;61.7;1.51;27.46;0.6651;0.5745;0.3929
2.5Y;6;6;61.7;3;41.5;0.6968;0.5685;0.2896
2.5Y;6;8;61.7;4.71;55.16;0.7222;0.5626;0.1723
5Y;6;2;61.7;-1.6;14.95;0.6167;0.5843;0.4802
5Y;6;4;61.7;-2.33;28.92;0.6426;0.5831;0.3817
5Y;6;6;61.7;-2.07;43.7;0.668;0.5802;0.2706
5Y;6;8;61.7;-1.72;58.02;0.686;0.5778;0.1369
7.5Y;6;2;61.7;-3.1;15.11;0.6067;0.5876;0.4788
7.5Y;6;4;61.7;-5.13;29.35;0.6247;0.5893;0.3779
7.5Y;6;6;61.7;-6.62;44.62;0.6401;0.5903;0.2614
7.5Y;6;8;61.7;-7.45;59.42;0.6516;0.5905;0.1151
10Y;6;2;61.7;-4.46;14.92;0.5963;0.5907;0.48
10Y;6;4;61.7;-7.89;29.02;0.6054;0.5953;0.3796
10Y;6;6;61.7;-10.61;44.06;0.613;0.5989;0.2647
10Y;6;8;61.7;-12.65;59.22;0.6183;0.6014;0.1137
2.5GY;6;2;61.7;-6.19;14.08;0.5816;0.5947;0.4855
2.5GY;6;4;61.7;-11.22;27.52;0.5787;0.6026;0.3897
2.5GY;6;6;61.7;-15.5;41.56;0.5755;0.6091;0.2833
2.5GY;6;8;61.7;-19.3;56.64;0.5707;0.6149;0.1418
5GY;6;2;61.7;-7.49;13.02;0.5687;0.5978;0.4927
5GY;6;4;61.7;-13.8;25.2;0.5543;0.6083;0.4058
5GY;6;6;61.7;-19.81;37.75;0.5375;0.618;0.3119
5GY;6;8;61.7;-25.43;51.41;0.519;0.6268;0.1944
7.5GY;6;2;61.7;-9.4;10.79;0.5473;0.6023;0.5078
7.5GY;6;4;61.7;-17.39;20.62;0.5144;0.6162;0.4377
7.5GY;6;6;61.7;-25.12;30.81;0.4796;0.6288;0.3629
7.5GY;6;8;61.7;-33.13;42.12;0.439;0.6411;0.2738
7.5GY;6;10;61.7;-40.35;53.24;0.397;0.6515;0.1689
10GY;6;2;61.7;-10.53;8.46;0.5307;0.6052;0.5237
10GY;6;4;61.7;-19.64;16.33;0.4822;0.6214;0.4676
10GY;6;6;61.7;-28.67;24.39;0.4289;0.6361;0.409
10GY;6;8;61.7;-37.97;32.76;0.365;0.6501;0.3456
10GY;6;10;61.7;-46.82;40.8;0.2898;0.6625;0.281
10GY;6;12;61.7;-55.86;49.15;0.1806;0.6741;0.2049
2.5G;6;2;61.7;-11.26;6.14;0.5164;0.6073;0.5397
2.5G;6;4;61.7;-21.49;11.42;0.4472;0.6259;0.5016
2.5G;6;6;61.7;-31.32;16.6;0.3706;0.6421;0.4639
2.5G;6;8;61.7;-41.29;21.47;0.2704;0.6571;0.4278
2.5G;6;10;61.7;-51.5;26.24;0.0796;0.6711;0.3917
5G;6;2;61.7;-11.34;4.18;0.5083;0.608;0.5533
5G;6;4;61.7;-22.18;7.88;0.4254;0.628;0.5261
5G;6;6;61.7;-32.1;11.09;0.3323;0.6446;0.5026
5G;6;8;61.7;-42.13;13.81;0.1939;0.6598;0.4821
7.5G;6;2;61.7;-11.22;2.88;0.5043;0.608;0.5623
7.5G;6;4;61.7;-22.27;5.44;0.4127;0.6287;0.5431
7.5G;6;6;61.7;-32.01;7.27;0.3096;0.6452;0.5292
7.5G;6;8;61.7;-41.98;9.08;0.1362;0.6606;0.5153
10G;6;2;61.7;-10.94;1.51;0.501;0.6079;0.5717
10G;6;4;61.7;-22.1;2.86;0.4014;0.629;0.5609
10G;6;6;61.7;-31.55;3.82;0.291;0.6453;0.5533
10G;6;8;61.7;-41.63;4.7;0.0431;0.6611;0.5459
2.5BG;6;2;61.7;-10.82;0.31;0.4973;0.6079;0.58
2.5BG;6;4;61.7;-21.62;0.54;0.3936;0.6288;0.5771
2.5BG;6;6;61.7;-30.95;0.48;0.2728;0.6451;0.5764
5BG;6;2;61.7;-10.29;-1.28;0.4949;0.6073;0.591
5BG;6;4;61.7;-20.37;-2.73;0.3885;0.6273;0.5998
5BG;6;6;61.7;-29.62;-4.3;0.2486;0.6442;0.6097
7.5BG;6;2;61.7;-9.57;-2.76;0.4948;0.6062;0.6013
7.5BG;6;4;61.7;-19.08;-5.57;0.3853;0.6258;0.6196
7.5BG;6;6;61.7;-27.76;-8.32;0.2386;0.6422;0.6376
10BG;6;2;61.7;-8.64;-3.93;0.4976;0.6046;0.6095
10BG;6;4;61.7;-17.05;-8.23;0.3912;0.6227;0.6382
10BG;6;6;61.7;-25.26;-12.5;0.2369;0.639;0.6668
2.5B;6;2;61.7;-7.49;-4.86;0.5035;0.6025;0.6161
2.5B;6;4;61.7;-14.92;-10.17;0.4029;0.6192;0.6517
2.5B;6;6;61.7;-22.18;-15.89;0.2528;0.6347;0.6906
5B;6;2;61.7;-6.03;-5.68;0.5127;0.5996;0.6219
5B;6;4;61.7;-12.03;-11.97;0.4224;0.6141;0.6646
5B;6;6;61.7;-17.77;-18.9;0.2943;0.6276;0.7119
7.5B;6;2;61.7;-4.62;-6.24;0.5222;0.5967;0.6259
7.5B;6;4;61.7;-8.96;-13.3;0.4463;0.6082;0.674
7.5B;6;6;61.7;-13.18;-20.93;0.342;0.6194;0.7263
7.5B;6;8;61.7;-16.71;-28.4;0.18;0.629;0.7779
10B;6;2;61.7;-3.07;-6.71;0.5334;0.5934;0.6294
10B;6;4;61.7;-5.95;-14.07;0.4716;0.6021;0.6797
10B;6;6;61.7;-8.72;-22.16;0.3888;0.6109;0.7353
10B;6;8;61.7;-10.94;-30.03;0.279;0.6184;0.7897
2.5PB;6;2;61.7;-1.26;-6.99;0.547;0.5896;0.6314
2.5PB;6;4;61.7;-2.6;-14.58;0.5002;0.595;0.6835
2.5PB;6;6;61.7;-3.61;-23.02;0.4401;0.6004;0.7417
2.5PB;6;8;61.7;-4;-31.18;0.3706;0.6045;0.7983
2.5PB;6;10;61.7;-4.42;-39.28;0.2695;0.609;0.8548
5PB;6;2;61.7;0.22;-7.04;0.5588;0.5862;0.632
5PB;6;4;61.7;0.49;-14.78;0.5267;0.5881;0.6852
5PB;6;6;61.7;1.2;-23.57;0.4851;0.5899;0.746
5PB;6;8;61.7;2.07;-31.66;0.439;0.5913;0.8022
5PB;6;10;61.7;2.74;-39.59;0.3782;0.5933;0.8576
5PB;6;12;61.7;3.82;-48.64;0.2819;0.5955;0.9212
5PB;6;14;61.7;5.41;-57.77;0.0918;0.5968;0.9859
7.5PB;6;2;61.7;1.99;-7.09;0.5728;0.5821;0.6325
7.5PB;6;4;61.7;4.15;-14.82;0.5575;0.5796;0.686
7.5PB;6;6;61.7;6.98;-23.28;0.5399;0.5761;0.7446
7.5PB;6;8;61.7;9.68;-30.74;0.5221;0.5726;0.7965
7.5PB;6;10;61.7;12.84;-38.44;0.5023;0.5682;0.8504
7.5PB;6;12;61.7;16.81;-47.4;0.4753;0.5627;0.9135
7.5PB;6;14;61.7;21.22;-56.29;0.4454;0.5559;0.9766
10PB;6;2;61.7;3.3;-6.76;0.5844;0.5789;0.6304
10PB;6;4;61.7;6.98;-14.24;0.5829;0.5726;0.6823
10PB;6;6;61.7;11.25;-22.11;0.5818;0.5649;0.7369
10PB;6;8;61.7;15.39;-29.15;0.5812;0.5571;0.786
10PB;6;10;61.7;20.14;-36.42;0.5819;0.5476;0.837
10PB;6;12;61.7;25.53;-44.36;0.5819;0.5364;0.8929
10PB;6;14;61.7;31.1;-52.03;0.5826;0.5239;0.9473
10PB;6;16;61.7;38.27;-60.84;0.587;0.5065;1
2.5P;6;2;61.7;4.41;-6.46;0.594;0.5761;0.6285
2.5P;6;4;61.7;9.18;-13.11;0.6049;0.5666;0.6747
2.5P;6;6;61.7;14.7;-20.44;0.6168;0.5552;0.7258
2.5P;6;8;61.7;20.18;-27.01;0.6301;0.5429;0.7718
2.5P;6;10;61.7;26.02;-33.63;0.6445;0.529;0.8181
2.5P;6;12;61.7;32.15;-39.97;0.6612;0.5132;0.8629
2.5P;6;14;61.7;38.54;-46.39;0.678;0.4955;0.9083
2.5P;6;16;61.7;45.98;-53.13;0.7004;0.4726;0.9563
2.5P;6;18;61.7;51.96;-58.89;0.7157;0.4528;0.9975
5P;6;2;61.7;5.41;-5.87;0.6037;0.5735;0.6246
5P;6;4;61.7;11.08;-11.77;0.6244;0.5613;0.6658
5P;6;6;61.7;17.46;-18.13;0.6471;0.5467;0.7102
5P;6;8;61.7;23.42;-23.88;0.6678;0.5321;0.7505
5P;6;10;61.7;29.89;-29.86;0.6905;0.515;0.7924
5P;6;12;61.7;36.27;-35.31;0.7135;0.4967;0.8308
5P;6;14;61.7;43.39;-41.26;0.7387;0.4744;0.873
5P;6;16;61.7;50.3;-46.99;0.7627;0.4505;0.9137
5P;6;18;61.7;57.12;-52.49;0.7861;0.4245;0.9529
5P;6;20;61.7;64.9;-58.54;0.8131;0.3906;0.9963
7.5P;6;2;61.7;6.5;-4.5;0.6169;0.5704;0.6153
7.5P;6;4;61.7;12.91;-9.02;0.6477;0.5555;0.6471
7.5P;6;6;61.7;20.41;-14.4;0.6822;0.5368;0.685
7.5P;6;8;61.7;27.22;-19.03;0.7131;0.5183;0.7176
7.5P;6;10;61.7;34.6;-24.12;0.7453;0.4965;0.7534
7.5P;6;12;61.7;41.48;-28.62;0.7755;0.474;0.7852
7.5P;6;14;61.7;48.69;-33.39;0.8061;0.448;0.819
7.5P;6;16;61.7;56.06;-38.13;0.8373;0.4181;0.8526
7.5P;6;18;61.7;63.09;-42.62;0.8666;0.3857;0.8845
7.5P;6;20;61.7;72.12;-48.29;0.9037;0.3365;0.925
7.5P;6;22;61.7;80.47;-53.53;0.9374;0.2788;0.9626
7.5P;6;24;61.7;88.28;-58.27;0.9691;0.2045;0.9967
10P;6;2;61.7;6.98;-3.34;0.6243;0.5688;0.6075
10P;6;4;61.7;14;-7;0.6623;0.5519;0.6334
10P;6;6;61.7;22.19;-10.96;0.7059;0.5303;0.6616
10P;6;8;61.7;29.41;-14.57;0.7426;0.5094;0.6872
10P;6;10;61.7;37.22;-18.43;0.7815;0.4844;0.7147
10P;6;12;61.7;44.63;-22.15;0.8173;0.4581;0.7411
10P;6;14;61.7;52.81;-26.25;0.856;0.4253;0.7703
10P;6;16;61.7;60.19;-30.02;0.89;0.3915;0.797
10P;6;18;61.7;67.39;-33.71;0.9227;0.3531;0.8234
10P;6;20;61.7;76.13;-38.13;0.962;0.2958;0.8549
10P;6;22;61.7;84.16;-42.18;0.9975;0.2252;0.8839
10P;6;24;61.7;91.81;-46.03;1;0.1123;0.9116
2.5RP;6;2;61.7;7.38;-2.04;0.6314;0.5675;0.5985
2.5RP;6;4;61.7;14.98;-4.29;0.6775;0.5484;0.6149
2.5RP;6;6;61.7;23.52;-6.88;0.7272;0.5247;0.6339
2.5RP;6;8;61.7;31.07;-9.24;0.7692;0.5017;0.651
2.5RP;6;10;61.7;38.78;-11.72;0.8107;0.4756;0.669
2.5RP;6;12;61.7;47.18;-14.52;0.8546;0.4436;0.6892
2.5RP;6;14;61.7;55.39;-17.19;0.8967;0.4076;0.7087
2.5RP;6;16;61.7;63.68;-19.97;0.9383;0.3649;0.7288
2.5RP;6;18;61.7;71.32;-22.64;0.9757;0.3174;0.7481
2.5RP;6;20;61.7;80.1;-25.74;1;0.246;0.7704
2.5RP;6;22;61.7;87.09;-28.25;1;0.1607;0.7886
5RP;6;2;61.7;7.56;-0.51;0.6376;0.5665;0.5881
5RP;6;4;61.7;15.6;-1.08;0.6914;0.5456;0.5931
5RP;6;6;61.7;24.61;-1.9;0.7478;0.5196;0.6001
5RP;6;8;61.7;32.5;-2.68;0.7951;0.4943;0.6066
5RP;6;10;61.7;40.21;-3.52;0.8396;0.4668;0.6135
5RP;6;12;61.7;48.84;-4.58;0.888;0.4316;0.622
5RP;6;14;61.7;57.53;-5.86;0.935;0.3905;0.6322
5RP;6;16;61.7;65.67;-7.07;0.9781;0.3442;0.6416
5RP;6;18;61.7;73.91;-8.38;1;0.2857;0.6519
5RP;6;20;61.7;83.7;-10.07;1;0.1834;0.665
5RP;6;22;61.7;90.29;-11.19;1;0.0149;0.6737
7.5RP;6;2;61.7;7.56;0.59;0.6409;0.5662;0.5806
7.5RP;6;4;61.7;15.84;1.27;0.6993;0.5442;0.5771
7.5RP;6;6;61.7;25.1;1.9;0.7603;0.5169;0.5743
7.5RP;6;8;61.7;32.56;2.33;0.8071;0.4923;0.5725
7.5RP;6;10;61.7;40.93;2.64;0.8572;0.4615;0.5718
7.5RP;6;12;61.7;49.5;2.71;0.9065;0.4255;0.5729
7.5RP;6;14;61.7;58.17;2.6;0.9546;0.3828;0.5752
7.5RP;6;16;61.7;67.26;2.42;1;0.3282;0.5782
7.5RP;6;18;61.7;75.07;2.09;1;0.2678;0.5819
7.5RP;6;20;61.7;84.33;1.67;1;0.1584;0.5867
10RP;7;2;71.6;6.95;1.66;0.7452;0.6703;0.676
10RP;7;4;71.6;15.17;3.62;0.8091;0.6479;0.6634
10RP;7;6;71.6;23.86;5.76;0.8725;0.622;0.6498
10RP;7;8;71.6;32.56;7.88;0.9323;0.5934;0.6364
10RP;7;10;71.6;40.84;9.71;0.9866;0.5632;0.6251
10RP;7;12;71.6;50.68;11.72;1;0.5228;0.613
10RP;7;14;71.6;59.54;13.48;1;0.4808;0.6026
10RP;7;16;71.6;68.44;15.14;1;0.4314;0.5931
2.5R;7;2;71.6;7.09;2.67;0.7493;0.6697;0.6689
2.5R;7;4;71.6;15.25;5.77;0.8155;0.647;0.6483
2.5R;7;6;71.6;23.7;9.14;0.8793;0.6215;0.6259
2.5R;7;8;71.6;32.31;12.49;0.9405;0.5928;0.604
2.5R;7;10;71.6;40.54;15.64;0.9958;0.5624;0.5835
2.5R;7;12;71.6;49.92;19.24;1;0.5235;0.5603
2.5R;7;14;71.6;58.76;22.19;1;0.4816;0.5418
2.5R;7;16;71.6;67.76;25.16;1;0.4315;0.5234
5R;7;2;71.6;7.15;3.57;0.7524;0.6693;0.6626
5R;7;4;71.6;15.14;8.06;0.8206;0.6467;0.6321
5R;7;6;71.6;23.35;12.56;0.8847;0.6215;0.6018
5R;7;8;71.6;31.85;17.15;0.9465;0.593;0.5711
5R;7;10;71.6;39.98;21.63;1;0.5627;0.5412
5R;7;12;71.6;49.01;26.47;1;0.5252;0.5092
5R;7;14;71.6;57.33;31.1;1;0.4858;0.4789
7.5R;7;2;71.6;7.06;4.86;0.7557;0.6691;0.6534
7.5R;7;4;71.6;14.89;10.71;0.8255;0.6467;0.6134
7.5R;7;6;71.6;22.5;16.61;0.8878;0.623;0.573
7.5R;7;8;71.6;30.91;23.16;0.9516;0.5944;0.5283
7.5R;7;10;71.6;38.37;29.15;1;0.5668;0.4874
7.5R;7;12;71.6;46.75;36.07;1;0.5322;0.4401
7.5R;7;14;71.6;54.32;42.98;1;0.4971;0.3923
7.5R;7;16;71.6;62.11;50.34;1;0.4561;0.3405
10R;7;2;71.6;6.72;6.18;0.7571;0.6697;0.6441
10R;7;4;71.6;13.98;13.89;0.827;0.6483;0.5907
10R;7;6;71.6;21.2;21.61;0.8894;0.6256;0.5373
10R;7;8;71.6;28.58;29.76;0.9481;0.6006;0.4806
10R;7;10;71.6;35.1;37.48;0.9968;0.5766;0.4263
10R;7;12;71.6;42.31;47.02;1;0.5478;0.3576
10R;7;14;71.6;49.17;56.63;1;0.5177;0.2845
10R;7;16;71.6;55.66;67.23;1;0.4862;0.1936
2.5YR;7;2;71.6;6.17;7.94;0.7582;0.6705;0.6315
2.5YR;7;4;71.6;12.51;16.86;0.824;0.6516;0.5693
2.5YR;7;6;71.6;19.02;26.24;0.8843;0.631;0.5036
2.5YR;7;8;71.6;25.07;35.38;0.9354;0.6106;0.4388
2.5YR;7;10;71.6;30.81;44.49;0.9804;0.5901;0.3725
2.5YR;7;12;71.6;36.81;55.92;1;0.5671;0.2842
2.5YR;7;14;71.6;42.07;68.28;1;0.5454;0.1707
5YR;7;2;71.6;5.3;9.83;0.7573;0.6722;0.618
5YR;7;4;71.6;10.31;20.01;0.8166;0.6566;0.5464
5YR;7;6;71.6;15.5;30.72;0.8701;0.6401;0.4704
5YR;7;8;71.6;20.23;40.95;0.9141;0.6244;0.396
5YR;7;10;71.6;24.83;52.11;0.9541;0.6084;0.3102
5YR;7;12;71.6;29.4;64.31;0.9906;0.5919;0.203
7.5YR;7;2;71.6;4.08;11.43;0.753;0.6748;0.6064
7.5YR;7;4;71.6;8.07;22.71;0.8075;0.6619;0.5266
7.5YR;7;6;71.6;11.89;34.46;0.8536;0.6493;0.442
7.5YR;7;8;71.6;15.45;45.94;0.8917;0.6374;0.356
7.5YR;7;10;71.6;18.78;57.99;0.9244;0.6261;0.257
7.5YR;7;12;71.6;21.95;71.15;0.9531;0.615;0.1117
10YR;7;2;71.6;2.17;13.14;0.7442;0.679;0.594
10YR;7;4;71.6;4.58;25.79;0.7906;0.6701;0.5037
10YR;7;6;71.6;7.06;38.41;0.8295;0.6613;0.4113
10YR;7;8;71.6;9.61;50.79;0.8621;0.6527;0.315
10YR;7;10;71.6;12.06;63.45;0.8897;0.6445;0.2002
2.5Y;7;2;71.6;0.01;14.52;0.7323;0.684;0.5838
2.5Y;7;4;71.6;1.29;27.75;0.7724;0.6779;0.4887
2.5Y;7;6;71.6;2.58;41.09;0.8049;0.6723;0.3896
2.5Y;7;8;71.6;3.79;54.35;0.8303;0.6673;0.2824
2.5Y;7;10;71.6;5.1;68.24;0.8518;0.6625;0.1369
5Y;7;2;71.6;-1.79;15.17;0.721;0.6881;0.5788
5Y;7;4;71.6;-2.94;29.36;0.7468;0.6876;0.476
5Y;7;6;71.6;-3.21;43.41;0.7706;0.6858;0.37
5Y;7;8;71.6;-2.91;57.09;0.791;0.6833;0.2547
5Y;7;10;71.6;-2.52;71.97;0.8078;0.6809;0.0582
7.5Y;7;2;71.6;-3.27;15.33;0.7106;0.6915;0.5774
7.5Y;7;4;71.6;-5.59;29.76;0.7292;0.6937;0.4725
7.5Y;7;6;71.6;-7.2;43.95;0.7446;0.6949;0.3644
7.5Y;7;8;71.6;-8.38;58.31;0.7568;0.6957;0.2407
10Y;7;2;71.6;-4.64;15.24;0.7001;0.6947;0.5779
10Y;7;4;71.6;-8.19;29.57;0.7102;0.6996;0.4733
10Y;7;6;71.6;-10.86;43.56;0.7188;0.7031;0.3665
10Y;7;8;71.6;-13.09;58.28;0.7252;0.706;0.2387
2.5GY;7;2;71.6;-6.18;14.63;0.687;0.6982;0.5819
2.5GY;7;4;71.6;-11.34;28.15;0.684;0.7067;0.4832
2.5GY;7;6;71.6;-15.54;41.26;0.6814;0.7133;0.3833
2.5GY;7;8;71.6;-19.34;55.55;0.6778;0.7193;0.2619
2.5GY;7;10;71.6;-22.72;71.15;0.6731;0.7245;0.0435
5GY;7;2;71.6;-7.48;13.71;0.6743;0.7014;0.5882
5GY;7;4;71.6;-13.99;25.95;0.6586;0.7128;0.4988
5GY;7;6;71.6;-19.64;37.92;0.6437;0.7223;0.4082
5GY;7;8;71.6;-25.07;50.83;0.6277;0.7311;0.3021
5GY;7;10;71.6;-30.24;65.13;0.6102;0.7392;0.1514
7.5GY;7;2;71.6;-9.54;11.19;0.65;0.7065;0.6059
7.5GY;7;4;71.6;-17.6;21.2;0.6166;0.7212;0.5327
7.5GY;7;6;71.6;-25.07;31.24;0.5838;0.7339;0.4575
7.5GY;7;8;71.6;-32.59;41.79;0.5472;0.7461;0.3748
7.5GY;7;10;71.6;-40.15;53.18;0.5062;0.7577;0.2761
7.5GY;7;12;71.6;-47.05;64.79;0.4646;0.7677;0.1444
10GY;7;2;71.6;-10.74;8.87;0.6325;0.7097;0.6223
10GY;7;4;71.6;-19.97;17.02;0.5831;0.7268;0.5625
10GY;7;6;71.6;-28.49;24.75;0.5336;0.7415;0.5049
10GY;7;8;71.6;-37.52;32.98;0.4748;0.756;0.442
10GY;7;10;71.6;-46.58;41.24;0.4057;0.7696;0.3757
10GY;7;12;71.6;-55.72;49.76;0.3195;0.7824;0.3021
10GY;7;14;71.6;-64.54;58.23;0.1987;0.7939;0.2171
2.5G;7;2;71.6;-11.53;6.37;0.6167;0.712;0.64
2.5G;7;4;71.6;-21.58;11.88;0.5491;0.7312;0.5992
2.5G;7;6;71.6;-31.06;17.01;0.4778;0.7477;0.5608
2.5G;7;8;71.6;-41.16;22.41;0.3876;0.764;0.52
2.5G;7;10;71.6;-51.43;27.62;0.2633;0.7792;0.4797
5G;7;2;71.6;-11.69;4.43;0.6079;0.7129;0.6537
5G;7;4;71.6;-22.05;8.09;0.5287;0.733;0.6262
5G;7;6;71.6;-31.77;11.3;0.4422;0.7502;0.6019
5G;7;8;71.6;-41.84;14.36;0.3276;0.7667;0.5785
5G;7;10;71.6;-52.55;17.16;0.0964;0.7828;0.5567
7.5G;7;2;71.6;-11.66;3.12;0.6027;0.7132;0.6631
7.5G;7;4;71.6;-21.98;5.62;0.518;0.7334;0.6439
7.5G;7;6;71.6;-31.7;7.75;0.4228;0.7509;0.6274
7.5G;7;8;71.6;-41.72;9.69;0.2909;0.7675;0.6122
10G;7;2;71.6;-11.47;1.75;0.5989;0.7131;0.6729
10G;7;4;71.6;-21.65;3.17;0.5094;0.7334;0.6614
10G;7;6;71.6;-31.41;4.36;0.4049;0.7513;0.6517
10G;7;8;71.6;-41.42;5.33;0.2525;0.7681;0.6435
2.5BG;7;2;71.6;-11.15;0.71;0.5971;0.7128;0.6803
2.5BG;7;4;71.6;-21.14;0.98;0.503;0.7331;0.6771
2.5BG;7;6;71.6;-30.6;1.08;0.3932;0.7507;0.6752
2.5BG;7;8;71.6;-40.78;1.07;0.2122;0.7681;0.6741
5BG;7;2;71.6;-10.74;-0.93;0.594;0.7124;0.692
5BG;7;4;71.6;-20.37;-2.07;0.4948;0.7324;0.6989
5BG;7;6;71.6;-29.12;-3.26;0.3809;0.7492;0.7063
5BG;7;8;71.6;-39.11;-4.65;0.1627;0.7668;0.7151
7.5BG;7;2;71.6;-9.92;-2.44;0.5944;0.7111;0.7027
7.5BG;7;4;71.6;-19.21;-4.87;0.4909;0.731;0.7189
7.5BG;7;6;71.6;-27.41;-7.2;0.3732;0.7472;0.7346
7.5BG;7;8;71.6;-36.64;-9.81;0.133;0.7642;0.7522
10BG;7;2;71.6;-8.79;-3.69;0.5989;0.709;0.7118
10BG;7;4;71.6;-17.5;-7.57;0.4937;0.7283;0.7383
10BG;7;6;71.6;-25;-11.13;0.374;0.744;0.7628
10BG;7;8;71.6;-33.48;-15.3;0.1138;0.7605;0.7916
2.5B;7;2;71.6;-7.57;-4.69;0.6052;0.7067;0.719
2.5B;7;4;71.6;-15.31;-9.84;0.5036;0.7246;0.7547
2.5B;7;6;71.6;-22.18;-14.77;0.3824;0.7398;0.789
2.5B;7;8;71.6;-29.26;-20.01;0.1582;0.7547;0.8257
5B;7;2;71.6;-5.96;-5.54;0.6157;0.7033;0.7252
5B;7;4;71.6;-12.45;-11.79;0.5221;0.7194;0.7689
5B;7;6;71.6;-18.25;-18.16;0.408;0.7333;0.8136
5B;7;8;71.6;-23.54;-24.62;0.2352;0.7458;0.8592
7.5B;7;2;71.6;-4.58;-5.96;0.6257;0.7004;0.7285
7.5B;7;4;71.6;-9.76;-12.95;0.5429;0.7141;0.7775
7.5B;7;6;71.6;-14.09;-20.01;0.4473;0.7256;0.8271
7.5B;7;8;71.6;-18.06;-27.67;0.3084;0.7364;0.8815
10B;7;2;71.6;-2.97;-6.28;0.6383;0.6968;0.7309
10B;7;4;71.6;-6.46;-13.81;0.5706;0.7072;0.7839
10B;7;6;71.6;-9.41;-21.43;0.4925;0.7163;0.8378
10B;7;8;71.6;-11.94;-29.56;0.3898;0.7248;0.8956
10B;7;10;71.6;-14.34;-38.32;0.2093;0.7333;0.9582
2.5PB;7;2;71.6;-1.34;-6.39;0.6514;0.6931;0.7319
2.5PB;7;4;71.6;-2.79;-14.47;0.6016;0.6991;0.789
2.5PB;7;6;71.6;-4.13;-22.41;0.5433;0.7051;0.8453
2.5PB;7;8;71.6;-4.98;-30.86;0.4719;0.7104;0.9055
2.5PB;7;10;71.6;-5.66;-40.17;0.367;0.7159;0.9722
5PB;7;2;71.6;0.1;-6.55;0.6626;0.6898;0.7333
5PB;7;4;71.6;0.1;-14.56;0.6271;0.6925;0.79
5PB;7;6;71.6;0.3;-22.86;0.5849;0.6951;0.849
5PB;7;8;71.6;0.99;-31.43;0.5361;0.6971;0.9101
5PB;7;10;71.6;1.85;-40.76;0.4699;0.6992;0.9771
7.5PB;7;2;71.6;1.7;-6.41;0.6763;0.6859;0.7324
7.5PB;7;4;71.6;3.67;-14.42;0.6585;0.6839;0.7893
7.5PB;7;6;71.6;6.2;-22.81;0.6395;0.6809;0.8492
7.5PB;7;8;71.6;9.18;-31.48;0.6183;0.6771;0.9113
7.5PB;7;10;71.6;12.9;-40.65;0.5953;0.6718;0.9773
10PB;7;2;71.6;2.79;-6.2;0.6859;0.6832;0.7311
10PB;7;4;71.6;6.4;-14;0.6829;0.677;0.7867
10PB;7;6;71.6;10.37;-21.7;0.681;0.6698;0.8418
10PB;7;8;71.6;14.98;-29.71;0.6802;0.6611;0.8993
10PB;7;10;71.6;20.05;-38.16;0.6782;0.6512;0.9602
10PB;7;12;71.6;26.16;-47.02;0.6799;0.6382;1
2.5P;7;2;71.6;3.87;-5.86;0.6959;0.6804;0.7288
2.5P;7;4;71.6;8.81;-12.88;0.7069;0.6705;0.7792
2.5P;7;6;71.6;13.79;-19.76;0.7177;0.66;0.8284
2.5P;7;8;71.6;19.34;-26.86;0.7304;0.6477;0.8794
2.5P;7;10;71.6;25.54;-34.18;0.7453;0.6332;0.9323
2.5P;7;12;71.6;32.2;-41.6;0.7621;0.6164;0.9861
5P;7;2;71.6;4.63;-5.19;0.7043;0.6783;0.7241
5P;7;4;71.6;10.4;-11.44;0.7251;0.6659;0.7692
5P;7;6;71.6;16.27;-17.62;0.7459;0.6524;0.8135
5P;7;8;71.6;22.48;-23.72;0.7684;0.6373;0.8575
5P;7;10;71.6;29.27;-30.29;0.7922;0.6197;0.905
5P;7;12;71.6;36.22;-36.58;0.817;0.6004;0.9505
5P;7;14;71.6;43.03;-42.44;0.842;0.5797;0.9932
7.5P;7;2;71.6;5.56;-3.69;0.7168;0.6755;0.7137
7.5P;7;4;71.6;12.48;-8.54;0.7518;0.6593;0.7489
7.5P;7;6;71.6;19.51;-13.41;0.786;0.6417;0.7842
7.5P;7;8;71.6;26.76;-18.41;0.8203;0.6221;0.8205
7.5P;7;10;71.6;34.4;-23.53;0.856;0.5997;0.8576
7.5P;7;12;71.6;41.32;-28.2;0.8873;0.5778;0.8915
7.5P;7;14;71.6;49.19;-33.35;0.9225;0.5506;0.929
7.5P;7;16;71.6;57.04;-38.36;0.9573;0.5203;0.9656
7.5P;7;18;71.6;64.86;-43.46;0.991;0.4867;1
10P;7;2;71.6;6.03;-2.79;0.7236;0.6741;0.7074
10P;7;4;71.6;13.59;-6.35;0.7675;0.6556;0.7335
10P;7;6;71.6;21.41;-10.1;0.811;0.6348;0.7611
10P;7;8;71.6;29.4;-14.05;0.8536;0.612;0.79
10P;7;10;71.6;37.23;-17.91;0.8943;0.5874;0.8183
10P;7;12;71.6;44.4;-21.5;0.9306;0.5628;0.8445
10P;7;14;71.6;52.46;-25.52;0.9706;0.5324;0.8739
10P;7;16;71.6;61.1;-29.79;1;0.4957;0.9053
10P;7;18;71.6;69.27;-33.85;1;0.4558;0.9351
10P;7;20;71.6;77.49;-38.02;1;0.4092;0.9657
10P;7;22;71.6;86.71;-42.65;1;0.3449;0.9998
2.5RP;7;2;71.6;6.43;-1.69;0.7302;0.6728;0.6997
2.5RP;7;4;71.6;14.29;-3.76;0.781;0.6528;0.7154
2.5RP;7;6;71.6;22.96;-6.3;0.8337;0.6288;0.7345
2.5RP;7;8;71.6;31.37;-8.78;0.883;0.6034;0.7532
2.5RP;7;10;71.6;39.1;-11.08;0.927;0.5776;0.7705
2.5RP;7;12;71.6;47.39;-13.74;0.9724;0.5473;0.7903
2.5RP;7;14;71.6;55.54;-16.34;1;0.5138;0.8098
2.5RP;7;16;71.6;64.71;-19.37;1;0.4707;0.8324
2.5RP;7;18;71.6;73.79;-22.44;1;0.4204;0.8553
2.5RP;7;20;71.6;83.01;-25.6;1;0.3576;0.8788
5RP;7;2;71.6;6.69;-0.36;0.7368;0.6716;0.6903
5RP;7;4;71.6;14.73;-0.81;0.7932;0.6506;0.6946
5RP;7;6;71.6;23.78;-1.44;0.8532;0.6247;0.7004
5RP;7;8;71.6;32.58;-2.08;0.9091;0.5968;0.7063
5RP;7;10;71.6;40.18;-2.79;0.9553;0.5703;0.7125
5RP;7;12;71.6;49.45;-3.84;1;0.5343;0.7214
5RP;7;14;71.6;58.18;-4.91;1;0.4956;0.7303
5RP;7;16;71.6;67.5;-6.23;1;0.4477;0.7411
5RP;7;18;71.6;76.34;-7.48;1;0.3929;0.7513
7.5RP;7;2;71.6;6.86;0.62;0.7413;0.6709;0.6834
7.5RP;7;4;71.6;14.95;1.42;0.8012;0.6493;0.6789
7.5RP;7;6;71.6;23.99;2.16;0.8643;0.6228;0.6752
7.5RP;7;8;71.6;32.61;2.66;0.9209;0.595;0.673
7.5RP;7;10;71.6;40.71;3.1;0.9721;0.5661;0.6714
7.5RP;7;12;71.6;50.27;3.36;1;0.5278;0.6712
7.5RP;7;14;71.6;59.41;3.43;1;0.4857;0.6725
7.5RP;7;16;71.6;68.55;3.39;1;0.4364;0.6746
10RP;8;2;81.35;5.81;1.37;0.8419;0.7778;0.7824
10RP;8;4;81.35;14.96;3.83;0.9169;0.7525;0.7659
10RP;8;6;81.35;23.9;6.08;0.9848;0.7257;0.7511
10RP;8;8;81.35;33.42;8.4;1;0.6944;0.736
10RP;8;10;81.35;42.22;10.44;1;0.6625;0.723
2.5R;8;2;81.35;5.83;2.2;0.8448;0.7775;0.7763
2.5R;8;4;81.35;15.05;5.98;0.9237;0.7516;0.7503
2.5R;8;6;81.35;23.81;9.37;0.9925;0.7249;0.7272
2.5R;8;8;81.35;33.05;13.17;1;0.6942;0.7015
2.5R;8;10;81.35;42.12;16.85;1;0.6608;0.6767
5R;8;2;81.35;5.85;3.03;0.8478;0.7771;0.7702
5R;8;4;81.35;15.01;8.33;0.9299;0.751;0.7332
5R;8;6;81.35;23.33;13.02;0.9979;0.7253;0.7008
5R;8;8;81.35;32.59;18.08;1;0.6942;0.6659
5R;8;10;81.35;41.4;22.99;1;0.6616;0.6322
7.5R;8;2;81.35;5.74;4.21;0.8507;0.7771;0.7617
7.5R;8;4;81.35;14.78;11.02;0.9353;0.7509;0.7137
7.5R;8;6;81.35;22.81;17.39;1;0.7256;0.6689
7.5R;8;8;81.35;31.4;24.33;1;0.6964;0.6201
7.5R;8;10;81.35;39.51;30.87;1;0.6664;0.5743
10R;8;2;81.35;5.64;5.42;0.8537;0.777;0.7529
10R;8;4;81.35;14.01;14.23;0.9381;0.7521;0.6902
10R;8;6;81.35;21.22;22.31;1;0.7291;0.6327
10R;8;8;81.35;28.67;30.87;1;0.7038;0.5716
10R;8;10;81.35;35.63;38.89;1;0.6785;0.5139
2.5YR;8;2;81.35;5.36;7.2;0.8571;0.7772;0.7399
2.5YR;8;4;81.35;12.42;17.58;0.9353;0.7556;0.6655
2.5YR;8;6;81.35;18.67;26.63;0.9963;0.7356;0.6005
2.5YR;8;8;81.35;25.23;36.68;1;0.7134;0.5276
2.5YR;8;10;81.35;30.63;46.26;1;0.694;0.4563
2.5YR;8;12;81.35;36.86;57.18;1;0.6705;0.3718
5YR;8;2;81.35;4.68;9.55;0.8591;0.7782;0.7227
5YR;8;4;81.35;9.97;20.54;0.9255;0.7615;0.6434
5YR;8;6;81.35;15.01;30.88;0.9805;0.7451;0.5682
5YR;8;8;81.35;20.21;42.67;1;0.7275;0.4807
5YR;8;10;81.35;24.54;53.07;1;0.7124;0.4004
5YR;8;12;81.35;29.01;64.95;1;0.6963;0.3007
5YR;8;14;81.35;32.76;77.33;1;0.6822;0.1704
7.5YR;8;2;81.35;3.54;11.46;0.8562;0.7806;0.7086
7.5YR;8;4;81.35;7.26;23.08;0.9126;0.768;0.6241
7.5YR;8;6;81.35;11.3;34.52;0.9628;0.7547;0.5401
7.5YR;8;8;81.35;15.12;46.97;1;0.7416;0.4458
7.5YR;8;10;81.35;18.38;58.66;1;0.7303;0.3514
7.5YR;8;12;81.35;21.48;71.26;1;0.7194;0.2336
10YR;8;2;81.35;1.77;13.38;0.8486;0.7845;0.6943
10YR;8;4;81.35;3.89;25.85;0.8956;0.7761;0.603
10YR;8;6;81.35;6.39;38.38;0.9373;0.7671;0.5097
10YR;8;8;81.35;8.89;51.37;0.9737;0.7581;0.4086
10YR;8;10;81.35;11.26;63.64;1;0.75;0.3035
10YR;8;12;81.35;13.42;76.75;1;0.7424;0.1585
2.5Y;8;2;81.35;-0.3;14.92;0.8376;0.7892;0.6827
2.5Y;8;4;81.35;0.33;27.92;0.8752;0.7846;0.587
2.5Y;8;6;81.35;1.46;41.42;0.9097;0.7791;0.4851
2.5Y;8;8;81.35;2.87;54.5;0.939;0.7734;0.3806
2.5Y;8;10;81.35;4.32;67.71;0.9639;0.768;0.26
2.5Y;8;12;81.35;5.59;81.67;0.9838;0.7633;0.0384
5Y;8;2;81.35;-2.14;15.77;0.8262;0.7935;0.6761
5Y;8;4;81.35;-3.71;29.58;0.8501;0.794;0.5737
5Y;8;6;81.35;-4.23;43.62;0.8747;0.7926;0.4664
5Y;8;8;81.35;-4.33;57.61;0.8957;0.7908;0.3512
5Y;8;10;81.35;-4.13;71.62;0.9134;0.7887;0.2113
7.5Y;8;2;81.35;-3.64;16.2;0.8163;0.7969;0.6727
7.5Y;8;4;81.35;-6.04;30.13;0.8345;0.7994;0.5691
7.5Y;8;6;81.35;-7.96;44.34;0.8499;0.8013;0.4597
7.5Y;8;8;81.35;-9.39;58.77;0.8629;0.8025;0.3388
7.5Y;8;10;81.35;-10.36;72.94;0.8735;0.8031;0.19
10Y;8;2;81.35;-4.92;16.24;0.8065;0.8;0.6722
10Y;8;4;81.35;-8.39;30.04;0.817;0.8049;0.5693
10Y;8;6;81.35;-11.4;44.37;0.8254;0.8091;0.4585
10Y;8;8;81.35;-13.71;58.57;0.8325;0.8122;0.339
10Y;8;10;81.35;-15.58;73.04;0.8379;0.8147;0.1848
2.5GY;8;2;81.35;-6.36;15.81;0.7942;0.8034;0.6751
2.5GY;8;4;81.35;-11.48;28.78;0.7906;0.8122;0.5781
2.5GY;8;6;81.35;-15.92;42.48;0.7884;0.8194;0.4722
2.5GY;8;8;81.35;-19.74;55.92;0.7851;0.8255;0.3602
2.5GY;8;10;81.35;-23.23;70.83;0.7809;0.831;0.2082
5GY;8;2;81.35;-7.63;14.72;0.7807;0.8067;0.6829
5GY;8;4;81.35;-13.74;27.1;0.7688;0.8175;0.5903
5GY;8;6;81.35;-19.74;39.7;0.7533;0.8279;0.493
5GY;8;8;81.35;-25.18;52;0.7368;0.8372;0.3922
5GY;8;10;81.35;-30.36;65.51;0.7197;0.8457;0.2648
7.5GY;8;2;81.35;-9.9;12.07;0.7541;0.8124;0.7019
7.5GY;8;4;81.35;-18.25;22.41;0.7188;0.8281;0.6244
7.5GY;8;6;81.35;-26.01;32.91;0.6848;0.8418;0.544
7.5GY;8;8;81.35;-33.14;43.43;0.6519;0.8538;0.4604
7.5GY;8;10;81.35;-40.45;54.39;0.6134;0.8656;0.3669
7.5GY;8;12;81.35;-47.62;66.29;0.5723;0.8766;0.2482
10GY;8;2;81.35;-11.38;9.62;0.7333;0.8164;0.7196
10GY;8;4;81.35;-20.59;17.95;0.6838;0.834;0.657
10GY;8;6;81.35;-29.92;26.38;0.6291;0.8507;0.5926
10GY;8;8;81.35;-38.33;33.95;0.5744;0.8649;0.5336
10GY;8;10;81.35;-47.65;42.54;0.5064;0.8796;0.4641
10GY;8;12;81.35;-56.63;51.22;0.4303;0.8929;0.3899
10GY;8;14;81.35;-65.43;59.58;0.3347;0.9052;0.311
10GY;8;16;81.35;-74.4;68.16;0.1836;0.9169;0.213
2.5G;8;2;81.35;-12.17;6.89;0.7162;0.8189;0.7395
2.5G;8;4;81.35;-22.15;12.57;0.6491;0.8385;0.6964
2.5G;8;6;81.35;-32.96;18.58;0.5681;0.8581;0.6504
2.5G;8;8;81.35;-42.29;23.7;0.4876;0.8738;0.6107
2.5G;8;10;81.35;-52.2;29.05;0.3829;0.8893;0.5685
2.5G;8;12;81.35;-62.8;34.37;0.2098;0.9047;0.5258
5G;8;2;81.35;-12.35;4.83;0.7066;0.8198;0.7545
5G;8;4;81.35;-22.58;8.57;0.6281;0.8403;0.7257
5G;8;6;81.35;-33.68;12.32;0.5298;0.8609;0.6965
5G;8;8;81.35;-43.67;15.49;0.4211;0.8779;0.6717
5G;8;10;81.35;-53.81;18.29;0.2614;0.894;0.6494
7.5G;8;2;81.35;-12.27;3.38;0.7013;0.8201;0.7651
7.5G;8;4;81.35;-22.63;6.05;0.616;0.8411;0.7441
7.5G;8;6;81.35;-33.51;8.58;0.511;0.8614;0.7241
7.5G;8;8;81.35;-43.25;10.52;0.3912;0.8783;0.7085
7.5G;8;10;81.35;-53.56;12.51;0.1854;0.8948;0.6925
10G;8;2;81.35;-12.01;1.99;0.6978;0.8199;0.7753
10G;8;4;81.35;-22.42;3.52;0.6059;0.8413;0.7627
10G;8;6;81.35;-32.91;4.87;0.4956;0.8613;0.7515
10G;8;8;81.35;-42.71;5.94;0.3611;0.8785;0.7423
10G;8;10;81.35;-52.7;6.91;0.0786;0.8948;0.734
2.5BG;8;2;81.35;-11.76;0.95;0.6956;0.8196;0.7829
2.5BG;8;4;81.35;-22.12;1.38;0.598;0.8413;0.7783
2.5BG;8;6;81.35;-32.06;1.72;0.4859;0.8605;0.7746
2.5BG;8;8;81.35;-41.96;1.79;0.3336;0.8783;0.7729
5BG;8;2;81.35;-11.07;-0.63;0.6951;0.8186;0.7945
5BG;8;4;81.35;-21.05;-1.45;0.594;0.84;0.7992
5BG;8;6;81.35;-30.7;-2.5;0.4738;0.8592;0.8057
5BG;8;8;81.35;-40.66;-3.77;0.2944;0.8775;0.8138
7.5BG;8;2;81.35;-10.03;-2.35;0.6967;0.8168;0.8072
7.5BG;8;4;81.35;-19.5;-4.41;0.5941;0.8377;0.8209
7.5BG;8;6;81.35;-29.13;-7.14;0.4599;0.8576;0.8398
7.5BG;8;8;81.35;-38.24;-9.47;0.2697;0.875;0.8558
10BG;8;2;81.35;-8.99;-3.45;0.7013;0.8148;0.8153
10BG;8;4;81.35;-18.12;-7.11;0.5932;0.8357;0.8409
10BG;8;6;81.35;-26.89;-10.83;0.461;0.8544;0.867
10BG;8;8;81.35;-35.48;-14.49;0.2589;0.8716;0.8929
2.5B;8;2;81.35;-7.61;-4.31;0.7097;0.812;0.8218
2.5B;8;4;81.35;-16.31;-9.44;0.5991;0.8326;0.858
2.5B;8;6;81.35;-24.07;-14.47;0.4701;0.8501;0.8939
2.5B;8;8;81.35;-31.6;-19.7;0.2712;0.8663;0.9314
5B;8;2;81.35;-5.86;-5.08;0.7219;0.8082;0.8276
5B;8;4;81.35;-13.09;-11.7;0.6198;0.8265;0.8749
5B;8;6;81.35;-19.29;-18.37;0.5024;0.8418;0.923
5B;8;8;81.35;-25.76;-25.77;0.3135;0.8573;0.9765
7.5B;8;2;81.35;-4.35;-5.51;0.7333;0.8048;0.8309
7.5B;8;4;81.35;-10.31;-12.89;0.6414;0.8208;0.8839
7.5B;8;6;81.35;-15.32;-20.53;0.5358;0.8343;0.9392
7.5B;8;8;81.35;-20.32;-29.01;0.3783;0.8479;1
10B;8;2;81.35;-3.05;-5.82;0.7432;0.8019;0.8333
10B;8;4;81.35;-6.68;-14.02;0.6709;0.8131;0.8926
10B;8;6;81.35;-10.18;-22.19;0.5845;0.8239;0.9518
10B;8;8;81.35;-13.71;-31.55;0.4593;0.8352;1
2.5PB;8;2;81.35;-1.34;-6;0.7571;0.7978;0.8349
2.5PB;8;4;81.35;-3.12;-14.58;0.7016;0.805;0.8971
2.5PB;8;6;81.35;-4.92;-23.39;0.6339;0.8125;0.9612
5PB;8;2;81.35;-0.15;-6.03;0.7669;0.795;0.8352
5PB;8;4;81.35;-0.25;-14.66;0.7275;0.7982;0.898
5PB;8;6;81.35;-0.1;-24.14;0.6781;0.8015;0.9672
7.5PB;8;2;81.35;1.44;-5.77;0.7811;0.7911;0.8336
7.5PB;8;4;81.35;3.37;-14.37;0.7606;0.7893;0.8964
7.5PB;8;6;81.35;5.74;-23.77;0.7353;0.787;0.9651
10PB;8;2;81.35;2.49;-5.38;0.7914;0.7883;0.8309
10PB;8;4;81.35;5.97;-13.52;0.7864;0.7824;0.8905
10PB;8;6;81.35;10.34;-22.49;0.7825;0.7745;0.9563
10PB;8;8;81.35;15.95;-32.18;0.7823;0.7636;1
2.5P;8;2;81.35;3.25;-4.91;0.7993;0.7863;0.8276
2.5P;8;4;81.35;8.33;-12.72;0.8093;0.776;0.885
2.5P;8;6;81.35;13.67;-20.41;0.8199;0.7648;0.9415
2.5P;8;8;81.35;19.84;-28.66;0.833;0.7511;1
5P;8;2;81.35;3.7;-4.42;0.8049;0.785;0.8241
5P;8;4;81.35;9.83;-11.36;0.8268;0.7716;0.8753
5P;8;6;81.35;15.95;-18.01;0.8486;0.7575;0.9244
5P;8;8;81.35;23.01;-25.23;0.874;0.7403;0.9777
5P;8;10;81.35;30.08;-32.12;0.8993;0.722;1
7.5P;8;2;81.35;4.56;-3.03;0.8169;0.7823;0.8141
7.5P;8;4;81.35;12.26;-8.22;0.8579;0.7639;0.8528
7.5P;8;6;81.35;18.89;-12.85;0.8913;0.7472;0.8873
7.5P;8;8;81.35;27.67;-18.74;0.9349;0.7234;0.9312
7.5P;8;10;81.35;35.24;-23.8;0.9715;0.7011;0.9689
7.5P;8;12;81.35;43.28;-29.01;1;0.6756;1
10P;8;2;81.35;5.01;-2.2;0.8234;0.7809;0.8081
10P;8;4;81.35;13.11;-5.92;0.8724;0.7609;0.8363
10P;8;6;81.35;21.18;-9.79;0.919;0.7394;0.8654
10P;8;8;81.35;29.81;-13.96;0.967;0.7146;0.8968
10P;8;10;81.35;38.04;-17.99;1;0.6889;0.9271
10P;8;12;81.35;46.27;-21.99;1;0.6609;0.9572
10P;8;14;81.35;55.55;-26.58;1;0.626;0.9917
2.5RP;8;2;81.35;5.31;-1.33;0.8289;0.7799;0.8018
2.5RP;8;4;81.35;13.81;-3.41;0.8861;0.7581;0.8182
2.5RP;8;6;81.35;22.77;-5.61;0.944;0.7331;0.8354
2.5RP;8;8;81.35;31.76;-8.16;0.9989;0.7059;0.8552
2.5RP;8;10;81.35;40.18;-10.51;1;0.6781;0.8734
2.5RP;8;12;81.35;49.54;-13.39;1;0.644;0.8955
2.5RP;8;14;81.35;58.66;-16.18;1;0.6069;0.9171
5RP;8;2;81.35;5.57;-0.27;0.8345;0.7789;0.7942
5RP;8;4;81.35;14.37;-0.59;0.8993;0.7556;0.7978
5RP;8;6;81.35;23.68;-1.07;0.964;0.7288;0.8027
5RP;8;8;81.35;33.17;-1.74;1;0.6988;0.809
5RP;8;10;81.35;41.84;-2.46;1;0.6687;0.8157
5RP;8;12;81.35;52.16;-3.45;1;0.6288;0.8245
7.5RP;8;2;81.35;5.74;0.57;0.8386;0.7782;0.7882
7.5RP;8;4;81.35;14.74;1.56;0.9087;0.7538;0.7822
7.5RP;8;6;81.35;23.98;2.43;0.9757;0.7267;0.7775
7.5RP;8;8;81.35;33.59;3.01;1;0.6957;0.7749
7.5RP;8;10;81.35;42.32;3.61;1;0.6646;0.7721
7.5RP;8;12;81.35;53;3.99;1;0.6222;0.7713
10RP;9;2;91.08;5.61;1.39;0.9488;0.8852;0.889
10RP;9;4;91.08;15.64;4.18;1;0.857;0.8699
10RP;9;6;91.08;25.52;6.73;1;0.8269;0.8526
2.5R;9;2;91.08;5.2;1.95;0.9476;0.8861;0.8848
2.5R;9;4;91.08;15.77;6.39;1;0.8559;0.8535
2.5R;9;6;91.08;25.52;10.49;1;0.8256;0.8247
5R;9;2;91.08;5.67;3.18;0.9555;0.8845;0.8758
5R;9;4;91.08;15.73;8.97;1;0.8552;0.8343
5R;9;6;91.08;24.87;14.44;1;0.8264;0.7953
7.5R;9;2;91.08;5.71;4.35;0.9596;0.884;0.867
7.5R;9;4;91.08;15.47;12.02;1;0.8551;0.8116
7.5R;9;6;91.08;23.7;19.25;1;0.8286;0.7593
10R;9;2;91.08;5.59;5.53;0.9626;0.884;0.8582
10R;9;4;91.08;14.54;15.23;1;0.8568;0.7875
10R;9;6;91.08;22.24;23.84;1;0.8319;0.7248
2.5YR;9;2;91.08;5.37;7.57;0.9674;0.8839;0.843
2.5YR;9;4;91.08;12.86;18.6;1;0.8605;0.762
2.5YR;9;6;91.08;19.05;28.72;1;0.8401;0.6874
5YR;9;2;91.08;4.46;9.97;0.9679;0.8856;0.8249
5YR;9;4;91.08;10.07;22.14;1;0.8673;0.735
5YR;9;6;91.08;15.08;32.98;1;0.8507;0.6542
7.5YR;9;2;91.08;3.3;12.26;0.966;0.888;0.8076
7.5YR;9;4;91.08;7.18;24.97;1;0.8744;0.7131
7.5YR;9;6;91.08;10.74;36.64;1;0.8621;0.6252
7.5YR;9;8;91.08;14.31;48.72;1;0.8496;0.532
10YR;9;2;91.08;1.44;14.31;0.9579;0.8921;0.792
10YR;9;4;91.08;3.53;27.76;1;0.8834;0.6913
10YR;9;6;91.08;5.71;40.38;1;0.8749;0.5951
10YR;9;8;91.08;8.05;53.21;1;0.8663;0.4938
2.5Y;9;2;91.08;-0.53;15.72;0.947;0.8967;0.7812
2.5Y;9;4;91.08;-0.31;29.7;0.9855;0.8927;0.6758
2.5Y;9;6;91.08;0.72;42.96;1;0.8874;0.5737
2.5Y;9;8;91.08;1.97;56.28;1;0.8819;0.4664
2.5Y;9;10;91.08;3.2;69.17;1;0.8769;0.3524
2.5Y;9;12;91.08;4.59;82.5;1;0.8717;0.2033
5Y;9;2;91.08;-2.48;16.59;0.9346;0.9013;0.7743
5Y;9;4;91.08;-4.22;31.06;0.9601;0.9021;0.6645
5Y;9;6;91.08;-5.1;45.16;0.9839;0.9014;0.5547
5Y;9;8;91.08;-5.57;59.12;1;0.9004;0.4396
5Y;9;10;91.08;-5.69;72.54;1;0.8989;0.3143
5Y;9;12;91.08;-5.67;86.89;1;0.8974;0.1138
7.5Y;9;2;91.08;-4.06;17.13;0.9239;0.9051;0.7699
7.5Y;9;4;91.08;-6.8;31.56;0.942;0.9082;0.6602
7.5Y;9;6;91.08;-8.87;45.86;0.958;0.9104;0.5482
7.5Y;9;8;91.08;-10.39;60.14;0.972;0.9117;0.4291
7.5Y;9;10;91.08;-11.39;73.89;0.9837;0.9123;0.297
7.5Y;9;12;91.08;-12.09;88.6;0.9943;0.9125;0.0468
10Y;9;2;91.08;-5.22;17.19;0.9149;0.9078;0.7693
10Y;9;4;91.08;-8.97;31.57;0.9255;0.9134;0.6596
10Y;9;6;91.08;-12.02;45.82;0.9347;0.9177;0.5477
10Y;9;8;91.08;-14.67;60.57;0.9419;0.9215;0.4237
10Y;9;10;91.08;-16.61;74.19;0.9473;0.9242;0.2909
2.5GY;9;2;91.08;-6.59;16.75;0.9029;0.9112;0.7724
2.5GY;9;4;91.08;-12.04;30.88;0.9002;0.9207;0.6643
2.5GY;9;6;91.08;-16.49;44.58;0.8984;0.9281;0.5564
2.5GY;9;8;91.08;-20.67;58.84;0.8945;0.935;0.4369
2.5GY;9;10;91.08;-24.04;72.27;0.8905;0.9405;0.3075
2.5GY;9;12;91.08;-27.11;87.49;0.8863;0.9455;0.0519
5GY;9;2;91.08;-8.06;15.92;0.8884;0.9149;0.7783
5GY;9;4;91.08;-14.52;29.52;0.877;0.9266;0.6742
5GY;9;6;91.08;-20.54;42.52;0.8623;0.9373;0.5718
5GY;9;8;91.08;-26.19;55.76;0.8462;0.9471;0.4617
5GY;9;10;91.08;-31.02;68.72;0.8313;0.9553;0.3411
5GY;9;12;91.08;-35.68;82.76;0.8148;0.9631;0.1606
7.5GY;9;2;91.08;-10.62;13.28;0.8587;0.9216;0.7977
7.5GY;9;4;91.08;-19.08;24.27;0.8239;0.9378;0.7134
7.5GY;9;6;91.08;-27.45;35.87;0.7875;0.953;0.6226
7.5GY;9;8;91.08;-35;46.73;0.7514;0.9662;0.5345
7.5GY;9;10;91.08;-42.54;58.21;0.7123;0.9787;0.4354
7.5GY;9;12;91.08;-49.39;69.57;0.6738;0.9896;0.3244
7.5GY;9;14;91.08;-55.9;81.14;0.633;0.9997;0.1715
10GY;9;2;91.08;-12.15;10.46;0.8357;0.9258;0.8186
10GY;9;4;91.08;-21.83;19.3;0.783;0.9449;0.7506
10GY;9;6;91.08;-32.56;28.89;0.7185;0.9646;0.6756
10GY;9;8;91.08;-40.97;36.73;0.6638;0.9792;0.6131
10GY;9;10;91.08;-50.47;45.8;0.5957;0.9947;0.5385
10GY;9;12;91.08;-59;53.71;0.5243;1;0.4701
10GY;9;14;91.08;-68.02;62.41;0.4348;1;0.3891
10GY;9;16;91.08;-77.15;71.4;0.3136;1;0.2928
10GY;9;18;91.08;-86.08;80.4;0.0612;1;0.1601
2.5G;9;2;91.08;-12.97;7.52;0.8172;0.9285;0.8405
2.5G;9;4;91.08;-23.62;13.72;0.745;0.95;0.7924
2.5G;9;6;91.08;-35.4;20.52;0.6564;0.972;0.7391
2.5G;9;8;91.08;-45.37;26.01;0.5699;0.9892;0.6955
2.5G;9;10;91.08;-55.54;31.58;0.4646;1;0.6507
2.5G;9;12;91.08;-65.21;36.76;0.3307;1;0.6083
5G;9;2;91.08;-13.1;5.38;0.8076;0.9294;0.8565
5G;9;4;91.08;-24.22;9.44;0.7207;0.9523;0.8244
5G;9;6;91.08;-36.34;13.56;0.6118;0.9754;0.7917
5G;9;8;91.08;-47.05;16.89;0.4949;0.9942;0.7649
5G;9;10;91.08;-57.04;19.8;0.3475;1;0.7413
7.5G;9;2;91.08;-13.06;3.71;0.801;0.9298;0.8689
7.5G;9;4;91.08;-24.35;6.69;0.7064;0.9534;0.8451
7.5G;9;6;91.08;-36.36;9.55;0.5894;0.9764;0.8219
7.5G;9;8;91.08;-47.07;11.94;0.4584;0.9954;0.8024
7.5G;9;10;91.08;-56.91;13.86;0.2806;1;0.7865
10G;9;2;91.08;-12.8;2.31;0.7973;0.9296;0.8794
10G;9;4;91.08;-23.98;4.03;0.6971;0.9533;0.865
10G;9;6;91.08;-35.73;5.54;0.5726;0.9763;0.8521
10G;9;8;91.08;-46.7;6.92;0.4221;0.996;0.8403
10G;9;10;91.08;-56.18;7.76;0.1987;1;0.8328
2.5BG;9;2;91.08;-12.53;1.12;0.7946;0.9294;0.8884
2.5BG;9;4;91.08;-23.51;1.68;0.6901;0.953;0.8827
2.5BG;9;6;91.08;-35.14;2.1;0.5572;0.9761;0.878
2.5BG;9;8;91.08;-45.91;2.34;0.391;0.9958;0.8749
2.5BG;9;10;91.08;-55.41;2.38;0.0592;1;0.8734
5BG;9;2;91.08;-11.79;-0.38;0.7949;0.9281;0.8997
5BG;9;4;91.08;-22.71;-1.04;0.684;0.9521;0.9031
5BG;9;6;91.08;-34.02;-1.9;0.5436;0.9751;0.9082
5BG;9;8;91.08;-44.76;-3.01;0.3527;0.9953;0.9152
7.5BG;9;2;91.08;-10.7;-2.23;0.7965;0.9262;0.9137
7.5BG;9;4;91.08;-21.28;-4.41;0.6805;0.9501;0.9285
7.5BG;9;6;91.08;-32.01;-6.81;0.5339;0.9726;0.9452
7.5BG;9;8;91.08;-42.71;-9.34;0.3113;0.9935;0.9629
10BG;9;2;91.08;-9.53;-3.33;0.8022;0.9239;0.922
10BG;9;4;91.08;-19.64;-7.25;0.6818;0.9476;0.95
10BG;9;6;91.08;-29.78;-11.05;0.5309;0.9696;0.9772
2.5B;9;2;91.08;-7.81;-4.52;0.8127;0.9202;0.9311
2.5B;9;4;91.08;-17.56;-9.97;0.6884;0.944;0.9706
5B;9;2;91.08;-6.16;-5.2;0.8245;0.9166;0.9364
5B;9;4;91.08;-14.52;-12.55;0.7057;0.9382;0.9902
7.5B;9;2;91.08;-4.49;-5.45;0.8383;0.9127;0.9385
7.5B;9;4;91.08;-11.58;-13.99;0.728;0.9321;1
10B;9;2;91.08;-3.33;-5.67;0.8476;0.91;0.9402
10B;9;4;91.08;-8.35;-15.03;0.7549;0.9251;1
2.5PB;9;2;91.08;-1.33;-5.73;0.8647;0.9051;0.941
5PB;9;2;91.08;-0.21;-5.69;0.8745;0.9023;0.9409
7.5PB;9;2;91.08;1.28;-5.49;0.8879;0.8986;0.9396
10PB;9;2;91.08;2.35;-5.05;0.8987;0.8957;0.9364
10PB;9;4;91.08;6.41;-14.81;0.8917;0.8888;1
2.5P;9;2;91.08;3.1;-4.96;0.9053;0.8937;0.9359
2.5P;9;4;91.08;8.4;-13.39;0.9148;0.883;0.9993
5P;9;2;91.08;3.51;-4.35;0.911;0.8925;0.9314
5P;9;4;91.08;10.24;-12.56;0.9334;0.8778;0.9934
7.5P;9;2;91.08;4.46;-2.92;0.9242;0.8896;0.9209
7.5P;9;4;91.08;12.96;-8.49;0.9711;0.8689;0.9635
7.5P;9;6;91.08;20.92;-13.91;1;0.8482;1
10P;9;2;91.08;4.85;-2.1;0.9304;0.8883;0.9149
10P;9;4;91.08;13.88;-6.08;0.9871;0.8654;0.9457
10P;9;6;91.08;22.64;-10.06;1;0.8416;0.9765
2.5RP;9;2;91.08;5.2;-1.25;0.9363;0.8871;0.9086
2.5RP;9;4;91.08;14.41;-3.46;1;0.863;0.9264
2.5RP;9;6;91.08;24.14;-5.79;1;0.8355;0.9451
5RP;9;2;91.08;5.43;-0.21;0.9419;0.8862;0.9009
5RP;9;4;91.08;15.06;-0.46;1;0.8602;0.9042
5RP;9;6;91.08;25.07;-0.94;1;0.8308;0.9094
7.5RP;9;2;91.08;5.57;0.64;0.9459;0.8856;0.8946
7.5RP;9;4;91.08;15.38;1.81;1;0.8585;0.8874
7.5RP;9;6;91.08;25.43;2.88;1;0.8284;0.8811
